frame_idx,timestamp,hand_velocity_left,hand_velocity_right,hand_acceleration_left,hand_acceleration_right,hands_present,grip_state_left,grip_state_right,hand_distance,trajectory_curvature,num_tools,tool_changed,tool_stability,num_interactions,contact_point_shift,contact_point_variance,interaction_density,interaction_rhythm,flow_magnitude,flow_uniformity,flow_discontinuity,direction_change,scene_change_score,visual_stability,activity_level,transition_score
0,0.000,0.000,0.000,0.000,0.000,0,0,0,0.000,0.000,4,0,1.000,0,0.000,0.000,0.000,0.000,0.000,1.000,0.000,0.000,0.000,1.000,0.100,0.000
2,0.080,0.000,0.000,0.000,0.000,0,0,0,0.000,0.000,5,1,0.000,0,0.000,0.000,0.000,0.000,0.254,0.357,0.000,0.410,0.058,0.942,0.151,0.750
4,0.160,0.000,0.000,0.000,0.000,0,0,0,0.000,0.000,5,0,0.500,0,0.000,0.000,0.000,0.000,1.158,0.330,0.000,1.808,0.048,0.952,0.176,0.550
6,0.240,0.000,0.000,0.000,0.000,0,0,0,0.000,0.000,5,1,0.333,0,0.000,0.000,0.000,0.000,0.701,0.627,0.000,2.398,0.035,0.965,0.144,0.750
8,0.320,0.000,0.000,0.000,0.000,0,0,0,0.000,0.000,5,0,0.500,0,0.000,0.000,0.000,0.000,2.040,0.805,0.000,0.098,0.043,0.957,0.165,0.000
10,0.400,0.000,0.000,0.000,0.000,0,0,0,0.000,0.000,5,0,0.600,0,0.000,0.000,0.000,0.000,2.510,0.802,0.000,0.143,0.046,0.954,0.177,0.000
12,0.480,0.000,0.000,0.000,0.000,0,0,0,0.000,0.000,3,1,0.500,0,0.000,0.000,0.000,0.000,0.711,0.617,0.000,0.296,0.026,0.974,0.045,0.750
14,0.560,0.000,0.000,0.000,0.000,0,0,0,0.000,0.000,2,1,0.429,0,0.000,0.000,0.000,0.000,0.570,0.494,0.000,1.032,0.026,0.974,0.050,0.750
16,0.640,0.000,0.000,0.000,0.000,0,0,0,0.000,0.000,2,0,0.500,0,0.000,0.000,0.000,0.000,0.693,0.542,0.000,0.085,0.050,0.950,0.049,0.000
18,0.720,0.000,0.000,0.000,0.000,0,0,0,0.000,0.000,4,1,0.444,0,0.000,0.000,0.000,0.000,0.536,0.697,0.000,0.646,0.028,0.972,0.135,0.750
20,0.800,0.000,0.000,0.000,0.000,0,0,0,0.000,0.000,3,1,0.400,0,0.000,0.000,0.000,0.000,0.381,0.443,0.000,0.618,0.016,0.984,0.148,0.750
22,0.880,0.000,0.000,0.000,0.000,0,0,0,0.000,0.000,3,0,0.455,0,0.000,0.000,0.000,0.000,0.281,0.278,0.000,0.217,0.044,0.956,0.158,0.000
24,0.960,0.000,0.000,0.000,0.000,0,0,0,0.000,0.000,3,0,0.500,0,0.000,0.000,0.000,0.000,0.310,0.587,0.000,1.785,0.034,0.966,0.137,0.550
26,1.040,0.000,0.000,0.000,0.000,0,0,0,0.000,0.000,3,0,0.538,0,0.000,0.000,0.000,0.000,0.285,0.749,0.000,2.530,0.045,0.955,0.125,0.550
28,1.120,0.000,0.000,0.000,0.000,0,0,0,0.000,0.000,3,0,0.571,0,0.000,0.000,0.000,0.000,0.109,0.784,0.000,0.465,0.019,0.981,0.118,0.000
30,1.200,0.000,0.000,0.000,0.000,0,0,0,0.000,0.000,2,1,0.533,0,0.000,0.000,0.000,0.000,0.252,0.594,0.000,2.940,0.028,0.972,0.035,0.750
32,1.280,0.000,0.000,0.000,0.000,0,0,0,0.000,0.000,2,0,0.562,0,0.000,0.000,0.000,0.000,0.253,0.508,0.000,0.162,0.022,0.978,0.041,0.000
34,1.360,0.000,0.000,0.000,0.000,0,0,0,0.000,0.000,2,0,0.588,0,0.000,0.000,0.000,0.000,0.278,0.696,0.000,0.393,0.035,0.965,0.028,0.000
36,1.440,0.000,0.000,0.000,0.000,0,0,0,0.000,0.000,4,1,0.556,0,0.000,0.000,0.000,0.000,0.430,0.646,0.000,0.828,0.033,0.967,0.136,0.750
38,1.520,0.000,0.000,0.000,0.000,0,0,0,0.000,0.000,4,0,0.579,0,0.000,0.000,0.000,0.000,2.650,0.699,0.000,0.046,0.100,0.900,0.187,0.000
40,1.600,0.000,0.000,0.000,0.000,0,0,0,0.000,0.000,4,0,0.600,0,0.000,0.000,0.000,0.000,2.788,0.426,0.000,3.111,0.098,0.902,0.210,0.550
42,1.680,0.000,0.000,0.000,0.000,0,0,0,0.000,0.000,4,1,0.571,0,0.000,0.000,0.000,0.000,3.471,0.404,0.000,2.281,0.099,0.901,0.228,0.750
44,1.760,0.000,0.000,0.000,0.000,0,0,0,0.000,0.000,4,0,0.591,0,0.000,0.000,0.000,0.000,1.988,0.647,0.000,2.416,0.052,0.948,0.174,0.550
46,1.840,0.000,0.000,0.000,0.000,0,0,0,0.000,0.000,4,0,0.609,0,0.000,0.000,0.000,0.000,1.540,0.436,0.000,0.829,0.055,0.945,0.178,0.000
48,1.920,0.000,0.000,0.000,0.000,0,0,0,0.000,0.000,3,1,0.583,0,0.000,0.000,0.000,0.000,1.990,0.745,0.000,0.646,0.051,0.949,0.068,0.750
50,2.000,0.000,0.000,0.000,0.000,0,0,0,0.000,0.000,3,0,0.600,0,0.000,0.000,0.000,0.000,2.481,0.841,0.000,0.179,0.064,0.936,0.073,0.000
52,2.080,0.000,0.000,0.000,0.000,0,0,0,0.000,0.000,3,0,0.615,0,0.000,0.000,0.000,0.000,1.796,0.807,0.000,0.171,0.065,0.935,0.058,0.000
54,2.160,0.000,0.000,0.000,0.000,0,0,0,0.000,0.000,3,0,0.630,0,0.000,0.000,0.000,0.000,1.430,0.925,0.000,0.609,0.048,0.952,0.041,0.000
56,2.240,0.000,0.000,0.000,0.000,0,0,0,0.000,0.000,3,0,0.643,0,0.000,0.000,0.000,0.000,1.077,0.953,0.000,0.038,0.033,0.967,0.030,0.000
58,2.320,0.000,0.000,0.000,0.000,0,0,0,0.000,0.000,3,0,0.655,0,0.000,0.000,0.000,0.000,1.161,0.909,0.000,0.316,0.045,0.955,0.035,0.000
60,2.400,0.000,0.000,0.000,0.000,0,0,0,0.000,0.000,3,0,0.690,0,0.000,0.000,0.000,0.000,1.389,0.901,0.000,0.017,0.046,0.954,0.042,0.000
62,2.480,0.000,0.000,0.000,0.000,0,0,0,0.000,0.000,2,1,0.655,0,0.000,0.000,0.000,0.000,0.608,0.695,1.393,0.502,0.040,0.960,0.037,0.750
64,2.560,0.000,0.000,0.000,0.000,0,0,0,0.000,0.000,3,1,0.655,0,0.000,0.000,0.000,0.000,0.637,0.818,1.428,0.354,0.043,0.957,0.029,0.750
66,2.640,0.000,0.000,0.000,0.000,0,0,0,0.000,0.000,2,1,0.621,0,0.000,0.000,0.000,0.000,0.687,0.836,1.558,0.004,0.032,0.968,0.029,0.750
68,2.720,0.000,0.000,0.000,0.000,0,0,0,0.000,0.000,2,0,0.621,0,0.000,0.000,0.000,0.000,0.967,0.406,1.605,3.047,0.034,0.966,0.066,0.700
70,2.800,0.000,0.000,0.000,0.000,0,0,0,0.000,0.000,3,1,0.621,0,0.000,0.000,0.000,0.000,0.685,0.873,1.203,3.062,0.040,0.960,0.026,0.750
72,2.880,0.000,0.000,0.000,0.000,0,0,0,0.000,0.000,2,1,0.621,0,0.000,0.000,0.000,0.000,0.459,0.519,0.938,0.672,0.032,0.968,0.045,0.750
74,2.960,0.000,0.000,0.000,0.000,0,0,0,0.000,0.000,2,0,0.621,0,0.000,0.000,0.000,0.000,0.342,0.623,0.352,2.716,0.029,0.971,0.035,0.550
76,3.040,0.000,0.000,0.000,0.000,0,0,0,0.000,0.000,2,0,0.655,0,0.000,0.000,0.000,0.000,0.258,0.910,0.155,0.171,0.047,0.953,0.013,0.000
78,3.120,0.000,0.000,0.000,0.000,0,0,0,0.000,0.000,2,0,0.690,0,0.000,0.000,0.000,0.000,0.120,0.735,0.025,1.811,0.026,0.974,0.022,0.550
80,3.200,0.000,0.000,0.000,0.000,0,0,0,0.000,0.000,2,0,0.690,0,0.000,0.000,0.000,0.000,0.162,0.289,0.174,1.540,0.037,0.963,0.054,0.550
82,3.280,0.000,0.000,0.000,0.000,0,0,0,0.000,0.000,2,0,0.690,0,0.000,0.000,0.000,0.000,0.208,0.657,0.427,0.585,0.042,0.958,0.029,0.000
84,3.360,0.000,0.000,0.000,0.000,0,0,0,0.000,0.000,2,0,0.690,0,0.000,0.000,0.000,0.000,0.197,0.870,0.622,2.216,0.041,0.959,0.014,0.550
86,3.440,0.000,0.000,0.000,0.000,0,0,0,0.000,0.000,2,0,0.690,0,0.000,0.000,0.000,0.000,0.177,0.676,0.788,1.469,0.032,0.968,0.027,0.550
88,3.520,0.000,0.000,0.000,0.000,0,0,0,0.000,0.000,2,0,0.724,0,0.000,0.000,0.000,0.000,0.132,0.542,0.927,0.527,0.030,0.970,0.035,0.000
90,3.600,0.000,0.000,0.000,0.000,0,0,0,0.000,0.000,2,0,0.724,0,0.000,0.000,0.000,0.000,0.175,0.649,1.128,1.673,0.047,0.953,0.029,0.550
92,3.680,0.000,0.000,0.000,0.000,0,0,0,0.000,0.000,2,0,0.724,0,0.000,0.000,0.000,0.000,0.119,0.304,1.377,2.348,0.030,0.970,0.052,0.550
94,3.760,0.000,0.000,0.000,0.000,0,0,0,0.000,0.000,2,0,0.759,0,0.000,0.000,0.000,0.000,0.127,0.797,1.491,2.284,0.027,0.973,0.017,0.700
96,3.840,0.000,0.000,0.000,0.000,0,0,0,0.000,0.000,2,0,0.759,0,0.000,0.000,0.000,0.000,0.082,0.445,1.619,2.283,0.021,0.979,0.041,0.700
98,3.920,0.000,0.000,0.000,0.000,0,0,0,0.000,0.000,2,0,0.759,0,0.000,0.000,0.000,0.000,0.118,0.653,1.735,2.991,0.027,0.973,0.027,0.700
100,4.000,0.000,0.000,0.000,0.000,0,0,0,0.000,0.000,2,0,0.793,0,0.000,0.000,0.000,0.000,0.355,0.921,1.710,2.088,0.059,0.941,0.014,0.700
102,4.080,0.000,0.000,0.000,0.000,0,0,0,0.000,0.000,2,0,0.793,0,0.000,0.000,0.000,0.000,0.352,0.946,1.638,2.899,0.070,0.930,0.013,0.700
104,4.160,0.000,0.000,0.000,0.000,0,0,0,0.000,0.000,2,0,0.793,0,0.000,0.000,0.000,0.000,0.294,0.944,1.807,0.167,0.059,0.941,0.011,0.700
106,4.240,0.000,0.000,0.000,0.000,0,0,0,0.000,0.000,2,0,0.828,0,0.000,0.000,0.000,0.000,0.168,0.465,1.606,0.695,0.037,0.963,0.042,0.700
108,4.320,0.000,0.000,0.000,0.000,0,0,0,0.000,0.000,2,0,0.828,0,0.000,0.000,0.000,0.000,0.244,0.912,1.404,0.216,0.041,0.959,0.012,0.700
110,4.400,0.000,0.000,0.000,0.000,0,0,0,0.000,0.000,2,0,0.828,0,0.000,0.000,0.000,0.000,0.181,0.613,1.213,1.350,0.036,0.964,0.032,0.550
112,4.480,0.000,0.000,0.000,0.000,0,0,0,0.000,0.000,2,0,0.828,0,0.000,0.000,0.000,0.000,0.199,0.872,1.213,2.088,0.025,0.975,0.014,0.550
114,4.560,0.000,0.000,0.000,0.000,0,0,0,0.000,0.000,2,0,0.828,0,0.000,0.000,0.000,0.000,0.273,0.857,1.145,0.047,0.036,0.964,0.017,0.000
116,4.640,0.000,0.000,0.000,0.000,0,0,0,0.000,0.000,2,0,0.828,0,0.000,0.000,0.000,0.000,0.380,0.790,1.025,1.472,0.025,0.975,0.024,0.550
118,4.720,0.000,0.000,0.000,0.000,0,0,0,0.000,0.000,2,0,0.828,0,0.000,0.000,0.000,0.000,0.249,0.966,0.856,0.489,0.026,0.974,0.009,0.000
120,4.800,0.000,0.000,0.000,0.000,0,0,0,0.000,0.000,2,0,0.862,0,0.000,0.000,0.000,0.000,0.364,0.914,0.704,2.195,0.045,0.955,0.015,0.550
122,4.880,0.000,0.000,0.000,0.000,0,0,0,0.000,0.000,3,1,0.862,0,0.000,0.000,0.000,0.000,0.507,0.901,0.598,0.238,0.026,0.974,0.020,0.750
124,4.960,0.000,0.000,0.000,0.000,0,0,0,0.000,0.000,3,0,0.897,0,0.000,0.000,0.000,0.000,1.439,0.623,0.370,0.026,0.052,0.948,0.062,0.000
126,5.040,0.000,0.000,0.000,0.000,0,0,0,0.000,0.000,5,1,0.862,0,0.000,0.000,0.000,0.000,2.460,0.530,0.103,0.641,0.089,0.911,0.194,0.750
128,5.120,0.000,0.000,0.000,0.000,0,0,0,0.000,0.000,5,0,0.897,0,0.000,0.000,0.000,0.000,12.975,0.070,0.942,1.768,0.671,0.329,0.365,0.800
130,5.200,0.000,0.000,0.000,0.000,0,0,0,0.000,0.000,5,0,0.931,0,0.000,0.000,0.000,0.000,0.177,0.589,7.319,1.937,0.061,0.939,0.133,0.700
132,5.280,0.000,0.000,0.000,0.000,0,0,0,0.000,0.000,5,1,0.897,0,0.000,0.000,0.000,0.000,0.273,0.196,11.093,2.391,0.075,0.925,0.163,0.750
134,5.360,0.000,0.000,0.000,0.000,0,0,0,0.000,0.000,5,0,0.897,0,0.000,0.000,0.000,0.000,0.172,0.353,13.059,2.900,0.043,0.957,0.150,0.700
136,5.440,0.000,0.000,0.000,0.000,0,0,0,0.000,0.000,5,0,0.897,0,0.000,0.000,0.000,0.000,0.236,0.675,13.729,1.892,0.062,0.938,0.129,0.700
138,5.520,0.000,0.000,0.000,0.000,0,0,0,0.000,0.000,4,0,0.897,0,0.000,0.000,0.000,0.000,0.305,0.416,14.149,2.538,0.079,0.921,0.149,0.700
140,5.600,0.000,0.000,0.000,0.000,0,0,0,0.000,0.000,4,0,0.897,0,0.000,0.000,0.000,0.000,0.458,0.338,14.232,2.409,0.118,0.882,0.158,0.700
142,5.680,0.000,0.000,0.000,0.000,0,0,0,0.000,0.000,3,1,0.862,0,0.000,0.000,0.000,0.000,0.175,0.781,14.511,1.421,0.053,0.947,0.120,0.750
144,5.760,0.000,0.000,0.000,0.000,0,0,0,0.000,0.000,3,0,0.862,0,0.000,0.000,0.000,0.000,0.366,0.841,14.512,0.363,0.116,0.884,0.120,0.700
146,5.840,0.000,0.000,0.000,0.000,0,0,0,0.000,0.000,3,0,0.862,0,0.000,0.000,0.000,0.000,0.268,0.696,14.121,2.568,0.073,0.927,0.128,0.700
148,5.920,0.000,0.000,0.000,0.000,0,0,0,0.000,0.000,3,0,0.862,0,0.000,0.000,0.000,0.000,0.207,0.822,12.234,1.392,0.060,0.940,0.118,0.700
150,6.000,0.000,0.000,0.000,0.000,0,0,0,0.000,0.000,3,0,0.862,0,0.000,0.000,0.000,0.000,0.206,0.686,12.419,0.652,0.064,0.936,0.127,0.700
152,6.080,0.000,0.000,0.000,0.000,0,0,0,0.000,0.000,3,0,0.862,0,0.000,0.000,0.000,0.000,0.095,0.889,11.466,1.394,0.026,0.974,0.110,0.700
154,6.160,0.000,0.000,0.000,0.000,0,0,0,0.000,0.000,3,0,0.862,0,0.000,0.000,0.000,0.000,0.199,0.608,9.345,3.062,0.060,0.940,0.132,0.700
156,6.240,0.000,0.000,0.000,0.000,0,0,0,0.000,0.000,3,0,0.862,0,0.000,0.000,0.000,0.000,0.380,0.863,2.863,2.374,0.122,0.878,0.119,0.700
158,6.320,0.000,0.000,0.000,0.000,0,0,0,0.000,0.000,3,0,0.862,0,0.000,0.000,0.000,0.000,0.362,0.578,0.983,2.531,0.101,0.899,0.139,0.550
160,6.400,0.000,0.000,0.000,0.000,0,0,0,0.000,0.000,3,0,0.862,0,0.000,0.000,0.000,0.000,0.460,0.863,0.349,2.818,0.139,0.861,0.121,0.550
162,6.480,0.000,0.000,0.000,0.000,0,0,0,0.000,0.000,4,0,0.862,0,0.000,0.000,0.000,0.000,0.433,0.103,0.339,2.820,0.117,0.883,0.174,0.550
164,6.560,0.000,0.000,0.000,0.000,0,0,0,0.000,0.000,4,0,0.862,0,0.000,0.000,0.000,0.000,0.274,0.791,0.334,2.297,0.093,0.907,0.121,0.550
166,6.640,0.000,0.000,0.000,0.000,0,0,0,0.000,0.000,4,0,0.862,0,0.000,0.000,0.000,0.000,0.254,0.684,0.329,2.210,0.076,0.924,0.128,0.550
168,6.720,0.000,0.000,0.000,0.000,0,0,0,0.000,0.000,4,0,0.862,0,0.000,0.000,0.000,0.000,0.119,0.670,0.330,0.975,0.038,0.962,0.126,0.000
170,6.800,0.000,0.000,0.000,0.000,0,0,0,0.000,0.000,4,0,0.862,0,0.000,0.000,0.000,0.000,0.130,0.395,0.336,0.741,0.037,0.963,0.146,0.000
172,6.880,0.000,0.000,0.000,0.000,0,0,0,0.000,0.000,4,0,0.862,0,0.000,0.000,0.000,0.000,0.467,0.772,0.349,1.178,0.096,0.904,0.128,0.000
174,6.960,0.000,0.000,0.000,0.000,0,0,0,0.000,0.000,4,1,0.828,0,0.000,0.000,0.000,0.000,0.803,0.654,0.342,0.708,0.161,0.839,0.144,0.750
176,7.040,0.000,0.000,0.000,0.000,0,0,0,0.000,0.000,4,0,0.828,0,0.000,0.000,0.000,0.000,0.775,0.718,0.335,0.586,0.064,0.936,0.139,0.000
178,7.120,0.000,0.000,0.000,0.000,0,0,0,0.000,0.000,4,0,0.828,0,0.000,0.000,0.000,0.000,0.430,0.738,0.322,0.652,0.113,0.887,0.129,0.000
180,7.200,0.000,0.000,0.000,0.000,0,0,0,0.000,0.000,5,0,0.862,0,0.000,0.000,0.000,0.000,0.582,0.594,0.316,0.090,0.074,0.926,0.143,0.000
182,7.280,0.000,0.000,0.000,0.000,0,0,0,0.000,0.000,5,0,0.862,0,0.000,0.000,0.000,0.000,0.634,0.687,0.305,1.039,0.057,0.943,0.138,0.000
184,7.360,0.000,0.000,0.000,0.000,0,0,0,0.000,0.000,4,1,0.862,0,0.000,0.000,0.000,0.000,0.511,0.629,0.284,0.020,0.076,0.924,0.139,0.750
186,7.440,0.000,0.000,0.000,0.000,0,0,0,0.000,0.000,4,0,0.862,0,0.000,0.000,0.000,0.000,0.115,0.851,0.250,0.081,0.038,0.962,0.113,0.000
188,7.520,0.000,0.000,0.000,0.000,0,0,0,0.000,0.000,4,0,0.862,0,0.000,0.000,0.000,0.000,0.145,0.793,0.213,1.800,0.042,0.958,0.118,0.550
190,7.600,0.000,0.000,0.000,0.000,0,0,0,0.000,0.000,4,0,0.897,0,0.000,0.000,0.000,0.000,0.183,0.195,1.573,0.682,0.062,0.938,0.161,0.700
192,7.680,0.000,0.000,0.000,0.000,0,0,0,0.000,0.000,4,0,0.897,0,0.000,0.000,0.000,0.000,0.120,0.572,1.074,2.079,0.038,0.962,0.133,0.550
194,7.760,0.000,0.000,0.000,0.000,0,0,0,0.000,0.000,4,0,0.897,0,0.000,0.000,0.000,0.000,0.625,0.112,0.726,0.190,0.153,0.847,0.178,0.000
196,7.840,0.000,0.000,0.000,0.000,0,0,0,0.000,0.000,5,1,0.862,0,0.000,0.000,0.000,0.000,2.356,0.359,0.910,2.972,0.149,0.851,0.204,0.750
198,7.920,0.000,0.000,0.000,0.000,0,0,0,0.000,0.000,4,0,0.862,0,0.000,0.000,0.000,0.000,2.271,0.456,2.211,0.374,0.116,0.884,0.195,0.700
200,8.000,0.000,0.000,0.000,0.000,0,0,0,0.000,0.000,4,0,0.897,0,0.000,0.000,0.000,0.000,2.954,0.619,3.391,0.716,0.190,0.810,0.201,0.700
202,8.080,0.000,0.000,0.000,0.000,0,0,0,0.000,0.000,4,0,0.897,0,0.000,0.000,0.000,0.000,1.587,0.581,5.395,0.014,0.099,0.901,0.169,0.700
204,8.160,0.000,0.000,0.000,0.000,0,0,0,0.000,0.000,6,1,0.862,0,0.000,0.000,0.000,0.000,0.875,0.361,5.480,3.131,0.131,0.869,0.167,0.750
206,8.240,0.000,0.000,0.000,0.000,0,0,0,0.000,0.000,6,0,0.862,0,0.000,0.000,0.000,0.000,0.440,0.385,3.588,0.038,0.068,0.932,0.154,0.700
208,8.320,0.000,0.000,0.000,0.000,0,0,0,0.000,0.000,6,0,0.862,0,0.000,0.000,0.000,0.000,0.366,0.501,2.744,1.153,0.063,0.937,0.144,0.700
210,8.400,0.000,0.000,0.000,0.000,0,0,0,0.000,0.000,6,0,0.862,0,0.000,0.000,0.000,0.000,0.845,0.667,2.683,1.941,0.067,0.933,0.144,0.700
212,8.480,0.000,0.000,0.000,0.000,0,0,0,0.000,0.000,6,0,0.862,0,0.000,0.000,0.000,0.000,0.994,0.627,2.614,0.005,0.070,0.930,0.151,0.700
214,8.560,0.000,0.000,0.000,0.000,0,0,0,0.000,0.000,6,0,0.862,0,0.000,0.000,0.000,0.000,2.890,0.752,2.639,0.031,0.074,0.926,0.190,0.700
216,8.640,0.000,0.000,0.000,0.000,0,0,0,0.000,0.000,5,0,0.862,0,0.000,0.000,0.000,0.000,3.179,0.721,3.446,0.004,0.103,0.897,0.199,0.700
218,8.720,0.000,0.000,0.000,0.000,0,0,0,0.000,0.000,5,0,0.862,0,0.000,0.000,0.000,0.000,4.201,0.590,4.232,0.007,0.136,0.864,0.234,0.700
220,8.800,0.000,0.000,0.000,0.000,0,0,0,0.000,0.000,5,0,0.862,0,0.000,0.000,0.000,0.000,3.790,0.486,5.304,0.003,0.146,0.854,0.231,0.700
222,8.880,0.000,0.000,0.000,0.000,0,0,0,0.000,0.000,5,1,0.828,0,0.000,0.000,0.000,0.000,5.150,0.785,6.285,0.004,0.146,0.854,0.244,0.750
224,8.960,0.000,0.000,0.000,0.000,0,0,0,0.000,0.000,5,0,0.828,0,0.000,0.000,0.000,0.000,4.139,0.688,7.535,0.009,0.117,0.883,0.225,0.700
226,9.040,0.000,0.000,0.000,0.000,0,0,0,0.000,0.000,5,0,0.828,0,0.000,0.000,0.000,0.000,5.059,0.607,8.191,0.052,0.120,0.880,0.254,0.700
228,9.120,0.000,0.000,0.000,0.000,0,0,0,0.000,0.000,5,0,0.828,0,0.000,0.000,0.000,0.000,4.043,0.554,3.767,0.538,0.089,0.911,0.232,0.700
230,9.200,0.000,0.000,0.000,0.000,0,0,0,0.000,0.000,5,0,0.828,0,0.000,0.000,0.000,0.000,0.414,0.609,2.967,0.188,0.041,0.959,0.138,0.700
232,9.280,0.000,0.000,0.000,0.000,0,0,0,0.000,0.000,5,0,0.862,0,0.000,0.000,0.000,0.000,2.482,0.386,1.917,2.386,0.071,0.929,0.205,0.700
234,9.360,0.000,0.000,0.000,0.000,0,0,0,0.000,0.000,4,1,0.828,0,0.000,0.000,0.000,0.000,5.048,0.267,1.877,0.042,0.153,0.847,0.278,0.750
236,9.440,0.000,0.000,0.000,0.000,0,0,0,0.000,0.000,4,0,0.828,0,0.000,0.000,0.000,0.000,3.817,0.413,2.189,0.005,0.168,0.832,0.237,0.700
238,9.520,0.000,0.000,0.000,0.000,0,0,0,0.000,0.000,4,0,0.828,0,0.000,0.000,0.000,0.000,0.918,0.532,2.447,0.048,0.128,0.872,0.156,0.700
240,9.600,0.000,0.000,0.000,0.000,0,0,0,0.000,0.000,3,1,0.793,0,0.000,0.000,0.000,0.000,0.125,1.000,2.486,0.292,0.044,0.956,0.103,0.750
242,9.680,0.000,0.000,0.000,0.000,0,0,0,0.000,0.000,3,0,0.828,0,0.000,0.000,0.000,0.000,0.084,0.619,2.424,0.110,0.031,0.969,0.129,0.700
244,9.760,0.000,0.000,0.000,0.000,0,0,0,0.000,0.000,3,0,0.828,0,0.000,0.000,0.000,0.000,0.234,0.803,2.338,0.289,0.075,0.925,0.120,0.700
246,9.840,0.000,0.000,0.000,0.000,0,0,0,0.000,0.000,4,0,0.828,0,0.000,0.000,0.000,0.000,0.207,0.961,1.738,2.445,0.073,0.927,0.108,0.700
248,9.920,0.000,0.000,0.000,0.000,0,0,0,0.000,0.000,4,0,0.828,0,0.000,0.000,0.000,0.000,0.551,0.786,1.229,1.931,0.144,0.856,0.129,0.550
250,10.000,0.000,0.000,0.000,0.000,0,0,0,0.000,0.000,4,0,0.828,0,0.000,0.000,0.000,0.000,0.256,0.858,0.652,2.956,0.072,0.928,0.116,0.550
252,10.080,0.000,0.000,0.000,0.000,0,0,0,0.000,0.000,3,0,0.828,0,0.000,0.000,0.000,0.000,0.095,0.805,0.259,1.625,0.031,0.969,0.116,0.550
254,10.160,0.000,0.000,0.000,0.000,0,0,0,0.000,0.000,3,0,0.862,0,0.000,0.000,0.000,0.000,0.261,0.750,0.232,2.452,0.086,0.914,0.124,0.550
256,10.240,0.000,0.000,0.000,0.000,0,0,0,0.000,0.000,4,1,0.828,0,0.000,0.000,0.000,0.000,0.172,0.615,0.565,1.887,0.054,0.946,0.131,0.750
258,10.320,0.000,0.000,0.000,0.000,0,0,0,0.000,0.000,5,0,0.828,0,0.000,0.000,0.000,0.000,0.385,0.839,0.830,2.214,0.046,0.954,0.121,0.550
260,10.400,0.000,0.000,0.000,0.000,0,0,0,0.000,0.000,5,0,0.828,0,0.000,0.000,0.000,0.000,0.408,0.693,1.031,1.518,0.065,0.935,0.132,0.550
262,10.480,0.000,0.000,0.000,0.000,0,0,0,0.000,0.000,5,0,0.862,0,0.000,0.000,0.000,0.000,0.175,0.227,0.878,2.309,0.053,0.947,0.158,0.550
264,10.560,0.000,0.000,0.000,0.000,0,0,0,0.000,0.000,4,1,0.828,0,0.000,0.000,0.000,0.000,0.895,0.981,1.012,0.227,0.236,0.764,0.124,0.750
266,10.640,0.000,0.000,0.000,0.000,0,0,0,0.000,0.000,4,0,0.828,0,0.000,0.000,0.000,0.000,0.949,0.986,1.306,2.599,0.294,0.706,0.125,0.550
268,10.720,0.000,0.000,0.000,0.000,0,0,0,0.000,0.000,4,0,0.828,0,0.000,0.000,0.000,0.000,0.771,0.934,1.648,3.006,0.232,0.768,0.124,0.700
270,10.800,0.000,0.000,0.000,0.000,0,0,0,0.000,0.000,4,1,0.793,0,0.000,0.000,0.000,0.000,0.868,0.184,1.736,2.649,0.184,0.816,0.179,0.750
272,10.880,0.000,0.000,0.000,0.000,0,0,0,0.000,0.000,4,0,0.793,0,0.000,0.000,0.000,0.000,1.444,0.571,1.597,2.865,0.202,0.798,0.166,0.700
274,10.960,0.000,0.000,0.000,0.000,0,0,0,0.000,0.000,4,0,0.793,0,0.000,0.000,0.000,0.000,1.630,0.105,1.430,1.453,0.190,0.810,0.203,0.700
276,11.040,0.000,0.000,0.000,0.000,0,0,0,0.000,0.000,6,1,0.759,0,0.000,0.000,0.000,0.000,1.839,0.319,1.186,0.342,0.216,0.784,0.194,0.750
278,11.120,0.000,0.000,0.000,0.000,0,0,0,0.000,0.000,6,0,0.759,0,0.000,0.000,0.000,0.000,2.513,0.522,0.968,0.022,0.129,0.871,0.196,0.000
280,11.200,0.000,0.000,0.000,0.000,0,0,0,0.000,0.000,6,0,0.793,0,0.000,0.000,0.000,0.000,1.815,0.661,0.774,0.473,0.105,0.895,0.169,0.000
282,11.280,0.000,0.000,0.000,0.000,0,0,0,0.000,0.000,4,1,0.759,0,0.000,0.000,0.000,0.000,2.871,0.626,0.597,0.426,0.098,0.902,0.198,0.750
284,11.360,0.000,0.000,0.000,0.000,0,0,0,0.000,0.000,4,0,0.759,0,0.000,0.000,0.000,0.000,2.635,0.755,0.360,0.293,0.094,0.906,0.183,0.000
286,11.440,0.000,0.000,0.000,0.000,0,0,0,0.000,0.000,4,0,0.759,0,0.000,0.000,0.000,0.000,0.813,0.728,0.150,0.579,0.052,0.948,0.139,0.000
288,11.520,0.000,0.000,0.000,0.000,0,0,0,0.000,0.000,4,1,0.724,0,0.000,0.000,0.000,0.000,1.154,0.912,0.053,0.771,0.059,0.941,0.135,0.750
290,11.600,0.000,0.000,0.000,0.000,0,0,0,0.000,0.000,4,0,0.724,0,0.000,0.000,0.000,0.000,0.750,0.438,0.258,1.650,0.088,0.912,0.158,0.550
292,11.680,0.000,0.000,0.000,0.000,0,0,0,0.000,0.000,4,0,0.759,0,0.000,0.000,0.000,0.000,2.873,0.527,0.274,0.987,0.142,0.858,0.205,0.000
294,11.760,0.000,0.000,0.000,0.000,0,0,0,0.000,0.000,5,1,0.724,0,0.000,0.000,0.000,0.000,1.564,0.354,0.514,0.846,0.120,0.880,0.184,0.750
296,11.840,0.000,0.000,0.000,0.000,0,0,0,0.000,0.000,5,0,0.724,0,0.000,0.000,0.000,0.000,2.695,0.741,1.174,0.659,0.126,0.874,0.186,0.000
298,11.920,0.000,0.000,0.000,0.000,0,0,0,0.000,0.000,5,0,0.759,0,0.000,0.000,0.000,0.000,4.874,0.776,4.632,0.324,0.155,0.845,0.238,0.700
300,12.000,0.000,0.000,0.000,0.000,0,0,0,0.000,0.000,5,0,0.759,0,0.000,0.000,0.000,0.000,4.985,0.750,5.912,0.123,0.184,0.816,0.242,0.700
302,12.080,0.000,0.000,0.000,0.000,0,0,0,0.000,0.000,5,0,0.759,0,0.000,0.000,0.000,0.000,5.395,0.637,6.325,0.162,0.213,0.787,0.260,0.700
304,12.160,0.000,0.000,0.000,0.000,1,0,0,0.000,0.000,5,0,0.759,1,0.000,0.000,0.033,0.000,4.706,0.649,5.436,0.313,0.195,0.805,0.332,0.700
306,12.240,0.000,0.000,0.000,0.000,0,0,0,0.000,0.000,7,0,0.759,0,0.000,0.000,0.033,0.000,4.739,0.808,4.697,0.134,0.150,0.850,0.236,0.700
308,12.320,0.000,0.000,0.000,0.000,0,0,0,0.000,0.000,7,0,0.759,0,0.000,0.000,0.033,0.000,3.302,0.222,4.163,0.296,0.159,0.841,0.241,0.700
310,12.400,0.000,0.000,0.000,0.000,0,0,0,0.000,0.000,7,0,0.759,0,0.000,0.000,0.033,0.000,3.262,0.090,3.102,0.801,0.161,0.839,0.249,0.700
312,12.480,0.000,0.000,0.000,0.000,0,0,0,0.000,0.000,3,1,0.724,0,0.000,0.000,0.033,0.000,2.898,0.303,3.003,1.231,0.196,0.804,0.125,0.750
314,12.560,0.000,0.000,0.000,0.000,0,0,0,0.000,0.000,3,0,0.759,0,0.000,0.000,0.033,0.000,3.019,0.476,2.395,0.137,0.152,0.848,0.116,0.700
316,12.640,0.000,0.000,0.000,0.000,0,0,0,0.000,0.000,3,0,0.759,0,0.000,0.000,0.033,0.000,2.912,0.567,2.121,0.516,0.123,0.877,0.107,0.700
318,12.720,0.000,0.000,0.000,0.000,0,0,0,0.000,0.000,3,0,0.759,0,0.000,0.000,0.033,0.000,4.176,0.590,2.345,0.122,0.131,0.869,0.137,0.700
320,12.800,0.000,0.000,0.000,0.000,0,0,0,0.000,0.000,3,0,0.759,0,0.000,0.000,0.033,0.000,2.540,0.909,2.646,0.007,0.136,0.864,0.074,0.700
322,12.880,0.000,0.000,0.000,0.000,0,0,0,0.000,0.000,3,0,0.793,0,0.000,0.000,0.033,0.000,1.725,0.905,2.854,0.018,0.129,0.871,0.054,0.700
324,12.960,0.000,0.000,0.000,0.000,0,0,0,0.000,0.000,4,1,0.759,0,0.000,0.000,0.033,0.000,0.758,0.758,2.500,0.389,0.097,0.903,0.140,0.750
326,13.040,0.000,0.000,0.000,0.000,0,0,0,0.000,0.000,4,0,0.759,0,0.000,0.000,0.033,0.000,0.878,0.770,2.443,2.311,0.102,0.898,0.142,0.700
328,13.120,0.000,0.000,0.000,0.000,0,0,0,0.000,0.000,4,0,0.793,0,0.000,0.000,0.033,0.000,0.598,0.733,2.071,2.999,0.053,0.947,0.138,0.700
330,13.200,0.000,0.000,0.000,0.000,0,0,0,0.000,0.000,4,0,0.793,0,0.000,0.000,0.033,0.000,0.389,0.646,0.986,0.562,0.036,0.964,0.139,0.000
332,13.280,0.000,0.000,0.000,0.000,0,0,0,0.000,0.000,4,0,0.793,0,0.000,0.000,0.033,0.000,0.442,0.538,0.369,0.012,0.062,0.938,0.147,0.000
334,13.360,0.000,0.000,0.000,0.000,0,0,0,0.000,0.000,4,0,0.828,0,0.000,0.000,0.033,0.000,0.153,0.361,0.096,0.552,0.048,0.952,0.153,0.000
336,13.440,0.000,0.000,0.000,0.000,0,0,0,0.000,0.000,5,0,0.828,0,0.000,0.000,0.033,0.000,0.128,0.378,0.430,0.284,0.036,0.964,0.151,0.000
338,13.520,0.000,0.000,0.000,0.000,0,0,0,0.000,0.000,4,1,0.793,0,0.000,0.000,0.033,0.000,0.063,0.383,0.737,0.013,0.023,0.977,0.149,0.750
340,13.600,0.000,0.000,0.000,0.000,0,0,0,0.000,0.000,5,1,0.793,0,0.000,0.000,0.033,0.000,11.448,0.065,0.911,0.527,0.733,0.267,0.369,0.800
342,13.680,0.000,0.000,0.000,0.000,0,0,0,0.000,0.000,3,1,0.759,0,0.000,0.000,0.033,0.000,0.049,0.475,0.635,0.822,0.022,0.978,0.142,0.750
344,13.760,0.000,0.000,0.000,0.000,0,0,0,0.000,0.000,3,0,0.759,0,0.000,0.000,0.033,0.000,0.147,0.551,0.761,0.515,0.053,0.947,0.139,0.000
346,13.840,0.000,0.000,0.000,0.000,0,0,0,0.000,0.000,4,1,0.759,0,0.000,0.000,0.033,0.000,0.176,0.180,0.907,1.207,0.062,0.938,0.166,0.750
348,13.920,0.000,0.000,0.000,0.000,0,0,0,0.000,0.000,4,0,0.759,0,0.000,0.000,0.033,0.000,0.192,0.413,1.224,0.314,0.048,0.952,0.150,0.000
350,14.000,0.000,0.000,0.000,0.000,0,0,0,0.000,0.000,4,0,0.759,0,0.000,0.000,0.033,0.000,0.295,0.456,1.693,2.837,0.080,0.920,0.149,0.700
352,14.080,0.000,0.000,0.000,0.000,0,0,0,0.000,0.000,4,0,0.793,0,0.000,0.000,0.033,0.000,0.674,0.707,2.237,2.173,0.136,0.864,0.141,0.700
354,14.160,0.000,0.000,0.000,0.000,0,0,0,0.000,0.000,5,0,0.793,0,0.000,0.000,0.033,0.000,0.544,0.904,2.069,2.282,0.137,0.863,0.124,0.700
356,14.240,0.000,0.000,0.000,0.000,0,0,0,0.000,0.000,5,0,0.793,0,0.000,0.000,0.033,0.000,0.527,0.605,1.872,2.940,0.158,0.842,0.145,0.700
358,14.320,0.000,0.000,0.000,0.000,0,0,0,0.000,0.000,5,0,0.793,0,0.000,0.000,0.033,0.000,0.388,0.545,1.612,3.084,0.127,0.873,0.146,0.700
360,14.400,0.000,0.000,0.000,0.000,0,0,0,0.000,0.000,5,0,0.793,0,0.000,0.000,0.033,0.000,0.316,0.593,1.335,2.831,0.084,0.916,0.140,0.550
362,14.480,0.000,0.000,0.000,0.000,0,0,0,0.000,0.000,5,0,0.793,0,0.000,0.000,0.033,0.000,0.274,0.800,1.104,2.943,0.074,0.926,0.125,0.550
364,14.560,0.000,0.000,0.000,0.000,0,0,0,0.000,0.000,4,1,0.759,0,0.000,0.000,0.000,0.000,0.131,0.729,0.942,2.404,0.036,0.964,0.122,0.750
366,14.640,0.000,0.000,0.000,0.000,0,0,0,0.000,0.000,4,0,0.759,0,0.000,0.000,0.000,0.000,0.149,0.782,0.756,0.247,0.064,0.936,0.119,0.000
368,14.720,0.000,0.000,0.000,0.000,0,0,0,0.000,0.000,4,0,0.759,0,0.000,0.000,0.000,0.000,0.189,0.543,0.584,2.761,0.079,0.921,0.137,0.550
370,14.800,0.000,0.000,0.000,0.000,0,0,0,0.000,0.000,4,0,0.793,0,0.000,0.000,0.000,0.000,0.202,0.559,0.416,2.622,0.078,0.922,0.136,0.550
372,14.880,0.000,0.000,0.000,0.000,0,0,0,0.000,0.000,4,1,0.759,0,0.000,0.000,0.000,0.000,0.284,0.612,0.665,2.384,0.095,0.905,0.134,0.750
374,14.960,0.000,0.000,0.000,0.000,0,0,0,0.000,0.000,3,1,0.724,0,0.000,0.000,0.000,0.000,0.195,0.447,0.583,2.920,0.075,0.925,0.144,0.750
376,15.040,0.000,0.000,0.000,0.000,0,0,0,0.000,0.000,3,0,0.724,0,0.000,0.000,0.000,0.000,0.277,0.677,0.511,1.083,0.096,0.904,0.130,0.000
378,15.120,0.000,0.000,0.000,0.000,0,0,0,0.000,0.000,4,0,0.724,0,0.000,0.000,0.000,0.000,0.223,0.525,0.444,3.091,0.080,0.920,0.139,0.550
380,15.200,0.000,0.000,0.000,0.000,0,0,0,0.000,0.000,4,0,0.724,0,0.000,0.000,0.000,0.000,0.182,0.956,0.359,2.930,0.066,0.934,0.108,0.550
382,15.280,0.000,0.000,0.000,0.000,0,0,0,0.000,0.000,4,0,0.759,0,0.000,0.000,0.000,0.000,0.312,0.776,0.309,3.027,0.108,0.892,0.123,0.550
384,15.360,0.000,0.000,0.000,0.000,0,0,0,0.000,0.000,4,0,0.759,0,0.000,0.000,0.000,0.000,0.457,0.906,0.293,2.826,0.159,0.841,0.118,0.550
386,15.440,0.000,0.000,0.000,0.000,0,0,0,0.000,0.000,4,0,0.759,0,0.000,0.000,0.000,0.000,0.446,0.686,0.289,3.105,0.158,0.842,0.133,0.550
388,15.520,0.000,0.000,0.000,0.000,0,0,0,0.000,0.000,4,0,0.759,0,0.000,0.000,0.000,0.000,0.253,0.325,0.283,3.078,0.095,0.905,0.154,0.550
390,15.600,0.000,0.000,0.000,0.000,0,0,0,0.000,0.000,4,0,0.759,0,0.000,0.000,0.000,0.000,0.136,0.249,0.280,2.626,0.063,0.937,0.156,0.550
392,15.680,0.000,0.000,0.000,0.000,0,0,0,0.000,0.000,4,0,0.759,0,0.000,0.000,0.000,0.000,0.183,0.873,0.283,3.022,0.081,0.919,0.113,0.550
394,15.760,0.000,0.000,0.000,0.000,0,0,0,0.000,0.000,4,0,0.759,0,0.000,0.000,0.000,0.000,0.206,0.878,0.281,3.118,0.084,0.916,0.114,0.550
396,15.840,0.000,0.000,0.000,0.000,0,0,0,0.000,0.000,4,0,0.793,0,0.000,0.000,0.000,0.000,0.170,0.263,0.278,1.334,0.064,0.936,0.156,0.550
398,15.920,0.000,0.000,0.000,0.000,0,0,0,0.000,0.000,4,0,0.828,0,0.000,0.000,0.000,0.000,0.287,0.803,0.278,2.578,0.100,0.900,0.121,0.550
400,16.000,0.000,0.000,0.000,0.000,0,0,0,0.000,0.000,4,0,0.862,0,0.000,0.000,0.000,0.000,0.305,0.632,0.279,2.990,0.113,0.887,0.133,0.550
402,16.080,0.000,0.000,0.000,0.000,0,0,0,0.000,0.000,4,0,0.862,0,0.000,0.000,0.000,0.000,0.220,0.336,0.132,2.310,0.098,0.902,0.152,0.550
404,16.160,0.000,0.000,0.000,0.000,0,0,0,0.000,0.000,4,0,0.897,0,0.000,0.000,0.000,0.000,0.135,0.570,0.266,3.110,0.064,0.936,0.133,0.550
406,16.240,0.000,0.000,0.000,0.000,0,0,0,0.000,0.000,5,1,0.862,0,0.000,0.000,0.000,0.000,0.157,0.746,0.317,3.022,0.054,0.946,0.122,0.750
408,16.320,0.000,0.000,0.000,0.000,0,0,0,0.000,0.000,4,1,0.828,0,0.000,0.000,0.000,0.000,0.138,0.792,0.420,2.431,0.050,0.950,0.118,0.750
410,16.400,0.000,0.000,0.000,0.000,0,0,0,0.000,0.000,4,0,0.828,0,0.000,0.000,0.000,0.000,0.259,0.898,0.473,3.058,0.095,0.905,0.114,0.550
412,16.480,0.000,0.000,0.000,0.000,0,0,0,0.000,0.000,4,0,0.828,0,0.000,0.000,0.000,0.000,0.281,0.686,0.382,2.709,0.099,0.901,0.129,0.550
414,16.560,0.000,0.000,0.000,0.000,0,0,0,0.000,0.000,4,0,0.828,0,0.000,0.000,0.000,0.000,0.177,0.913,0.310,2.886,0.065,0.935,0.111,0.550
416,16.640,0.000,0.000,0.000,0.000,0,0,0,0.000,0.000,4,0,0.828,0,0.000,0.000,0.000,0.000,0.163,0.286,0.460,1.384,0.067,0.933,0.154,0.550
418,16.720,0.000,0.000,0.000,0.000,0,0,0,0.000,0.000,4,0,0.828,0,0.000,0.000,0.000,0.000,0.146,0.547,0.649,2.562,0.056,0.944,0.135,0.550
420,16.800,0.000,0.000,0.000,0.000,0,0,0,0.000,0.000,4,0,0.828,0,0.000,0.000,0.000,0.000,0.186,0.739,0.665,2.516,0.082,0.918,0.123,0.550
422,16.880,0.000,0.000,0.000,0.000,0,0,0,0.000,0.000,4,0,0.862,0,0.000,0.000,0.000,0.000,0.096,0.961,0.481,1.264,0.037,0.963,0.105,0.000
424,16.960,0.000,0.000,0.000,0.000,0,0,0,0.000,0.000,4,0,0.862,0,0.000,0.000,0.000,0.000,0.079,0.252,0.474,2.215,0.032,0.968,0.154,0.550
426,17.040,0.000,0.000,0.000,0.000,0,0,0,0.000,0.000,4,0,0.862,0,0.000,0.000,0.000,0.000,0.107,0.953,0.638,2.359,0.045,0.955,0.106,0.550
428,17.120,0.000,0.000,0.000,0.000,0,0,0,0.000,0.000,4,0,0.862,0,0.000,0.000,0.000,0.000,0.183,0.497,0.709,2.414,0.077,0.923,0.140,0.550
430,17.200,0.000,0.000,0.000,0.000,0,0,0,0.000,0.000,4,0,0.897,0,0.000,0.000,0.000,0.000,0.307,0.905,0.862,2.149,0.107,0.893,0.114,0.550
432,17.280,0.000,0.000,0.000,0.000,0,0,0,0.000,0.000,4,0,0.931,0,0.000,0.000,0.000,0.000,0.106,0.267,0.940,3.078,0.040,0.960,0.154,0.550
434,17.360,0.000,0.000,0.000,0.000,0,0,0,0.000,0.000,4,0,0.931,0,0.000,0.000,0.000,0.000,0.093,0.404,0.973,2.669,0.037,0.963,0.144,0.550
436,17.440,0.000,0.000,0.000,0.000,0,0,0,0.000,0.000,4,0,0.931,0,0.000,0.000,0.000,0.000,0.227,0.052,0.920,2.300,0.090,0.910,0.172,0.550
438,17.520,0.000,0.000,0.000,0.000,0,0,0,0.000,0.000,4,0,0.931,0,0.000,0.000,0.000,0.000,0.182,0.317,0.766,0.258,0.073,0.927,0.152,0.000
440,17.600,0.000,0.000,0.000,0.000,0,0,0,0.000,0.000,4,0,0.931,0,0.000,0.000,0.000,0.000,0.274,0.662,0.655,3.027,0.107,0.893,0.130,0.550
442,17.680,0.000,0.000,0.000,0.000,0,0,0,0.000,0.000,4,0,0.931,0,0.000,0.000,0.000,0.000,0.168,0.572,0.704,3.070,0.070,0.930,0.134,0.550
444,17.760,0.000,0.000,0.000,0.000,0,0,0,0.000,0.000,4,0,0.931,0,0.000,0.000,0.000,0.000,0.076,0.307,0.767,2.565,0.030,0.970,0.150,0.550
446,17.840,0.000,0.000,0.000,0.000,0,0,0,0.000,0.000,4,0,0.931,0,0.000,0.000,0.000,0.000,0.126,0.466,0.785,0.772,0.061,0.939,0.141,0.000
448,17.920,0.000,0.000,0.000,0.000,0,0,0,0.000,0.000,4,0,0.931,0,0.000,0.000,0.000,0.000,0.101,0.265,0.836,1.394,0.043,0.957,0.154,0.550
450,18.000,0.000,0.000,0.000,0.000,0,0,0,0.000,0.000,4,0,0.931,0,0.000,0.000,0.000,0.000,0.213,0.900,0.762,3.087,0.088,0.912,0.112,0.550
452,18.080,0.000,0.000,0.000,0.000,0,0,0,0.000,0.000,4,0,0.931,0,0.000,0.000,0.000,0.000,0.215,0.202,0.824,2.027,0.079,0.921,0.161,0.550
454,18.160,0.000,0.000,0.000,0.000,0,0,0,0.000,0.000,4,0,0.931,0,0.000,0.000,0.000,0.000,0.083,0.660,0.516,2.129,0.034,0.966,0.126,0.550
456,18.240,0.000,0.000,0.000,0.000,0,0,0,0.000,0.000,4,0,0.931,0,0.000,0.000,0.000,0.000,0.067,0.164,0.337,1.070,0.029,0.971,0.160,0.480
458,18.320,0.000,0.000,0.000,0.000,0,0,0,0.000,0.000,4,0,0.931,0,0.000,0.000,0.000,0.000,0.184,0.486,0.302,2.884,0.073,0.927,0.141,0.550
460,18.400,0.000,0.000,0.000,0.000,0,0,0,0.000,0.000,4,0,0.931,0,0.000,0.000,0.000,0.000,0.199,0.787,0.221,2.834,0.074,0.926,0.120,0.550
462,18.480,0.000,0.000,0.000,0.000,0,0,0,0.000,0.000,4,0,0.931,0,0.000,0.000,0.000,0.000,0.261,0.713,0.334,2.716,0.090,0.910,0.127,0.550
464,18.560,0.000,0.000,0.000,0.000,0,0,0,0.000,0.000,4,0,0.966,0,0.000,0.000,0.000,0.000,0.186,0.881,0.055,2.888,0.068,0.932,0.113,0.550
466,18.640,0.000,0.000,0.000,0.000,0,0,0,0.000,0.000,4,0,1.000,0,0.000,0.000,0.000,0.000,0.121,0.636,0.080,1.196,0.050,0.950,0.129,0.000
468,18.720,0.000,0.000,0.000,0.000,0,0,0,0.000,0.000,4,0,1.000,0,0.000,0.000,0.000,0.000,0.122,0.250,0.091,0.027,0.052,0.948,0.156,0.000
470,18.800,0.000,0.000,0.000,0.000,0,0,0,0.000,0.000,4,0,1.000,0,0.000,0.000,0.000,0.000,0.228,0.519,0.191,3.095,0.094,0.906,0.139,0.550
472,18.880,0.000,0.000,0.000,0.000,0,0,0,0.000,0.000,4,0,1.000,0,0.000,0.000,0.000,0.000,0.203,0.710,0.245,2.624,0.077,0.923,0.125,0.550
474,18.960,0.000,0.000,0.000,0.000,0,0,0,0.000,0.000,4,0,1.000,0,0.000,0.000,0.000,0.000,0.258,0.231,0.114,3.109,0.095,0.905,0.160,0.550
476,19.040,0.000,0.000,0.000,0.000,0,0,0,0.000,0.000,4,0,1.000,0,0.000,0.000,0.000,0.000,0.175,0.636,0.172,3.021,0.065,0.935,0.130,0.550
478,19.120,0.000,0.000,0.000,0.000,0,0,0,0.000,0.000,4,0,1.000,0,0.000,0.000,0.000,0.000,0.180,0.931,0.254,2.211,0.073,0.927,0.109,0.550
480,19.200,0.000,0.000,0.000,0.000,0,0,0,0.000,0.000,4,0,1.000,0,0.000,0.000,0.000,0.000,0.249,0.272,0.368,2.953,0.110,0.890,0.157,0.550
482,19.280,0.000,0.000,0.000,0.000,0,0,0,0.000,0.000,4,0,1.000,0,0.000,0.000,0.000,0.000,0.293,0.763,0.372,1.106,0.103,0.897,0.124,0.000
484,19.360,0.000,0.000,0.000,0.000,0,0,0,0.000,0.000,4,0,1.000,0,0.000,0.000,0.000,0.000,0.291,0.555,0.335,2.656,0.115,0.885,0.138,0.550
486,19.440,0.000,0.000,0.000,0.000,0,0,0,0.000,0.000,4,0,1.000,0,0.000,0.000,0.000,0.000,0.133,0.469,0.530,1.971,0.058,0.942,0.141,0.550
488,19.520,0.000,0.000,0.000,0.000,0,0,0,0.000,0.000,4,0,1.000,0,0.000,0.000,0.000,0.000,0.649,0.975,0.607,1.442,0.219,0.781,0.118,0.550
490,19.600,0.000,0.000,0.000,0.000,0,0,0,0.000,0.000,4,0,1.000,0,0.000,0.000,0.000,0.000,0.480,0.346,1.032,2.889,0.177,0.823,0.158,0.550
492,19.680,0.000,0.000,0.000,0.000,0,0,0,0.000,0.000,4,0,1.000,0,0.000,0.000,0.000,0.000,0.288,0.379,1.611,0.358,0.102,0.898,0.151,0.700
494,19.760,0.000,0.000,0.000,0.000,0,0,0,0.000,0.000,4,0,1.000,0,0.000,0.000,0.000,0.000,0.371,0.158,1.388,3.064,0.134,0.866,0.168,0.550
496,19.840,0.000,0.000,0.000,0.000,0,0,0,0.000,0.000,4,0,1.000,0,0.000,0.000,0.000,0.000,0.236,0.319,1.541,2.913,0.082,0.918,0.154,0.700
498,19.920,0.000,0.000,0.000,0.000,0,0,0,0.000,0.000,4,0,1.000,0,0.000,0.000,0.000,0.000,0.328,0.776,1.791,2.866,0.116,0.884,0.124,0.700
500,20.000,0.000,0.000,0.000,0.000,0,0,0,0.000,0.000,4,0,1.000,0,0.000,0.000,0.000,0.000,0.108,0.315,2.052,0.000,0.038,0.962,0.151,0.700
502,20.080,0.000,0.000,0.000,0.000,0,0,0,0.000,0.000,4,0,1.000,0,0.000,0.000,0.000,0.000,0.217,0.712,2.126,2.774,0.079,0.921,0.126,0.700
504,20.160,0.000,0.000,0.000,0.000,0,0,0,0.000,0.000,4,0,1.000,0,0.000,0.000,0.000,0.000,0.157,0.753,2.064,2.457,0.059,0.941,0.121,0.700
506,20.240,0.000,0.000,0.000,0.000,0,0,0,0.000,0.000,4,0,1.000,0,0.000,0.000,0.000,0.000,0.103,0.780,1.741,2.810,0.041,0.959,0.118,0.700
508,20.320,0.000,0.000,0.000,0.000,0,0,0,0.000,0.000,4,0,1.000,0,0.000,0.000,0.000,0.000,0.218,0.492,1.641,0.096,0.080,0.920,0.141,0.700
510,20.400,0.000,0.000,0.000,0.000,0,0,0,0.000,0.000,4,0,1.000,0,0.000,0.000,0.000,0.000,0.250,0.949,1.690,2.981,0.088,0.912,0.110,0.700
512,20.480,0.000,0.000,0.000,0.000,0,0,0,0.000,0.000,4,0,1.000,0,0.000,0.000,0.000,0.000,0.239,0.329,1.588,2.968,0.086,0.914,0.153,0.700
514,20.560,0.000,0.000,0.000,0.000,0,0,0,0.000,0.000,4,0,1.000,0,0.000,0.000,0.000,0.000,0.121,0.599,1.305,2.535,0.046,0.954,0.131,0.550
516,20.640,0.000,0.000,0.000,0.000,0,0,0,0.000,0.000,4,0,1.000,0,0.000,0.000,0.000,0.000,0.057,0.521,0.937,0.247,0.025,0.975,0.135,0.000
518,20.720,0.000,0.000,0.000,0.000,0,0,0,0.000,0.000,4,0,1.000,0,0.000,0.000,0.000,0.000,0.033,0.404,0.898,0.640,0.013,0.987,0.143,0.000
520,20.800,0.000,0.000,0.000,0.000,0,0,0,0.000,0.000,4,0,1.000,0,0.000,0.000,0.000,0.000,0.082,0.891,0.185,2.769,0.035,0.965,0.110,0.550
522,20.880,0.000,0.000,0.000,0.000,0,0,0,0.000,0.000,4,0,1.000,0,0.000,0.000,0.000,0.000,0.137,0.733,0.499,2.178,0.062,0.938,0.122,0.550
524,20.960,0.000,0.000,0.000,0.000,0,0,0,0.000,0.000,4,0,1.000,0,0.000,0.000,0.000,0.000,0.036,0.615,0.584,0.044,0.010,0.990,0.128,0.000
526,21.040,0.000,0.000,0.000,0.000,0,0,0,0.000,0.000,4,0,1.000,0,0.000,0.000,0.000,0.000,0.182,0.491,0.829,1.449,0.072,0.928,0.140,0.550
528,21.120,0.000,0.000,0.000,0.000,0,0,0,0.000,0.000,4,0,1.000,0,0.000,0.000,0.000,0.000,0.301,0.057,0.948,3.058,0.114,0.886,0.174,0.550
530,21.200,0.000,0.000,0.000,0.000,0,0,0,0.000,0.000,4,0,1.000,0,0.000,0.000,0.000,0.000,0.169,0.394,1.119,3.120,0.064,0.936,0.147,0.550
532,21.280,0.000,0.000,0.000,0.000,0,0,0,0.000,0.000,4,0,1.000,0,0.000,0.000,0.000,0.000,0.186,0.890,0.968,2.453,0.079,0.921,0.112,0.550
534,21.360,0.000,0.000,0.000,0.000,0,0,0,0.000,0.000,5,1,0.966,0,0.000,0.000,0.000,0.000,0.141,0.203,0.994,0.392,0.051,0.949,0.159,0.750
536,21.440,0.000,0.000,0.000,0.000,0,0,0,0.000,0.000,5,0,0.966,0,0.000,0.000,0.000,0.000,0.095,0.262,0.926,2.577,0.035,0.965,0.154,0.550
538,21.520,0.000,0.000,0.000,0.000,0,0,0,0.000,0.000,5,0,0.966,0,0.000,0.000,0.000,0.000,0.157,0.622,0.866,0.822,0.054,0.946,0.130,0.000
540,21.600,0.000,0.000,0.000,0.000,0,0,0,0.000,0.000,4,1,0.931,0,0.000,0.000,0.000,0.000,0.448,0.619,0.921,1.889,0.158,0.842,0.138,0.750
542,21.680,0.000,0.000,0.000,0.000,0,0,0,0.000,0.000,5,1,0.897,0,0.000,0.000,0.000,0.000,0.377,0.492,0.827,2.112,0.053,0.947,0.145,0.750
544,21.760,0.000,0.000,0.000,0.000,0,0,0,0.000,0.000,5,0,0.897,0,0.000,0.000,0.000,0.000,0.371,0.079,0.735,2.043,0.110,0.890,0.174,0.550
546,21.840,0.000,0.000,0.000,0.000,0,0,0,0.000,0.000,5,0,0.897,0,0.000,0.000,0.000,0.000,1.313,0.984,0.518,0.987,0.390,0.610,0.134,0.640
548,21.920,0.000,0.000,0.000,0.000,0,0,0,0.000,0.000,5,0,0.897,0,0.000,0.000,0.000,0.000,13.365,0.466,0.090,1.195,0.541,0.459,0.337,0.791
550,22.000,0.000,0.000,0.000,0.000,0,0,0,0.000,0.000,4,1,0.862,0,0.000,0.000,0.000,0.000,0.049,0.694,7.989,1.846,0.010,0.990,0.123,0.750
552,22.080,0.000,0.000,0.000,0.000,0,0,0,0.000,0.000,4,1,0.828,0,0.000,0.000,0.000,0.000,0.073,0.404,9.838,0.000,0.013,0.987,0.144,0.750
554,22.160,0.000,0.000,0.000,0.000,0,0,0,0.000,0.000,4,0,0.828,0,0.000,0.000,0.000,0.000,0.067,0.211,10.229,0.014,0.013,0.987,0.157,0.700
556,22.240,0.000,0.000,0.000,0.000,0,0,0,0.000,0.000,4,0,0.828,0,0.000,0.000,0.000,0.000,0.077,0.555,11.606,0.055,0.015,0.985,0.133,0.700
558,22.320,0.000,0.000,0.000,0.000,0,0,0,0.000,0.000,3,0,0.828,0,0.000,0.000,0.000,0.000,0.087,0.290,11.896,0.057,0.017,0.983,0.152,0.700
560,22.400,0.000,0.000,0.000,0.000,0,0,0,0.000,0.000,3,0,0.828,0,0.000,0.000,0.000,0.000,0.100,0.533,12.289,0.051,0.018,0.982,0.135,0.700
562,22.480,0.000,0.000,0.000,0.000,0,0,0,0.000,0.000,3,0,0.828,0,0.000,0.000,0.000,0.000,0.105,0.297,12.279,0.002,0.021,0.979,0.152,0.700
564,22.560,0.000,0.000,0.000,0.000,0,0,0,0.000,0.000,3,0,0.828,0,0.000,0.000,0.000,0.000,0.120,0.454,12.440,0.002,0.022,0.978,0.141,0.700
566,22.640,0.000,0.000,0.000,0.000,0,0,0,0.000,0.000,3,0,0.828,0,0.000,0.000,0.000,0.000,0.139,0.190,12.432,0.041,0.028,0.972,0.160,0.700
568,22.720,0.000,0.000,0.000,0.000,0,0,0,0.000,0.000,3,0,0.828,0,0.000,0.000,0.000,0.000,0.144,0.448,12.418,0.026,0.028,0.972,0.142,0.700
570,22.800,0.000,0.000,0.000,0.000,0,0,0,0.000,0.000,3,0,0.828,0,0.000,0.000,0.000,0.000,0.169,0.309,12.799,0.064,0.030,0.970,0.153,0.700
572,22.880,0.000,0.000,0.000,0.000,0,0,0,0.000,0.000,3,0,0.828,0,0.000,0.000,0.000,0.000,0.177,0.307,9.004,0.088,0.034,0.966,0.153,0.700
574,22.960,0.000,0.000,0.000,0.000,0,0,0,0.000,0.000,3,0,0.828,0,0.000,0.000,0.000,0.000,0.185,0.422,7.891,0.008,0.036,0.964,0.145,0.700
576,23.040,0.000,0.000,0.000,0.000,0,0,0,0.000,0.000,3,0,0.828,0,0.000,0.000,0.000,0.000,0.196,0.268,7.064,0.040,0.038,0.962,0.156,0.700
578,23.120,0.000,0.000,0.000,0.000,0,0,0,0.000,0.000,3,0,0.828,0,0.000,0.000,0.000,0.000,0.226,0.343,2.413,0.013,0.042,0.958,0.152,0.700
580,23.200,0.000,0.000,0.000,0.000,0,0,0,0.000,0.000,3,0,0.828,0,0.000,0.000,0.000,0.000,0.244,0.499,0.314,0.038,0.044,0.956,0.141,0.000
582,23.280,0.000,0.000,0.000,0.000,0,0,0,0.000,0.000,3,0,0.828,0,0.000,0.000,0.000,0.000,0.235,0.266,0.310,0.007,0.048,0.952,0.157,0.000
584,23.360,0.000,0.000,0.000,0.000,0,0,0,0.000,0.000,3,0,0.828,0,0.000,0.000,0.000,0.000,0.268,0.335,0.305,0.158,0.052,0.948,0.153,0.000
586,23.440,0.000,0.000,0.000,0.000,0,0,0,0.000,0.000,3,0,0.828,0,0.000,0.000,0.000,0.000,0.278,0.279,0.301,0.123,0.055,0.945,0.157,0.000
588,23.520,0.000,0.000,0.000,0.000,0,0,0,0.000,0.000,4,0,0.828,0,0.000,0.000,0.000,0.000,0.276,0.322,0.295,0.088,0.058,0.942,0.154,0.000
590,23.600,0.000,0.000,0.000,0.000,0,0,0,0.000,0.000,4,0,0.828,0,0.000,0.000,0.000,0.000,0.290,0.265,0.286,0.244,0.063,0.937,0.159,0.000
592,23.680,0.000,0.000,0.000,0.000,0,0,0,0.000,0.000,4,0,0.862,0,0.000,0.000,0.000,0.000,0.308,0.354,0.281,0.155,0.064,0.936,0.153,0.000
594,23.760,0.000,0.000,0.000,0.000,0,0,0,0.000,0.000,4,0,0.862,0,0.000,0.000,0.000,0.000,0.305,0.365,0.275,0.027,0.067,0.933,0.152,0.000
596,23.840,0.000,0.000,0.000,0.000,0,0,0,0.000,0.000,4,0,0.862,0,0.000,0.000,0.000,0.000,0.325,0.369,0.271,0.105,0.069,0.931,0.152,0.000
598,23.920,0.000,0.000,0.000,0.000,0,0,0,0.000,0.000,4,0,0.897,0,0.000,0.000,0.000,0.000,0.344,0.335,0.268,0.087,0.073,0.927,0.155,0.000
600,24.000,0.000,0.000,0.000,0.000,0,0,0,0.000,0.000,3,0,0.931,0,0.000,0.000,0.000,0.000,0.347,0.360,0.264,0.175,0.073,0.927,0.153,0.000
602,24.080,0.000,0.000,0.000,0.000,0,0,0,0.000,0.000,3,0,0.931,0,0.000,0.000,0.000,0.000,0.341,0.333,0.254,0.041,0.076,0.924,0.155,0.000
604,24.160,0.000,0.000,0.000,0.000,0,0,0,0.000,0.000,3,0,0.931,0,0.000,0.000,0.000,0.000,0.343,0.313,0.247,0.048,0.078,0.922,0.157,0.000
606,24.240,0.000,0.000,0.000,0.000,0,0,0,0.000,0.000,4,0,0.931,0,0.000,0.000,0.000,0.000,0.347,0.322,0.239,0.052,0.078,0.922,0.156,0.000
608,24.320,0.000,0.000,0.000,0.000,0,0,0,0.000,0.000,4,0,0.966,0,0.000,0.000,0.000,0.000,0.361,0.306,0.213,0.102,0.078,0.922,0.158,0.000
610,24.400,0.000,0.000,0.000,0.000,0,0,0,0.000,0.000,4,0,1.000,0,0.000,0.000,0.000,0.000,0.347,0.291,3.454,0.034,0.077,0.923,0.158,0.700
612,24.480,0.000,0.000,0.000,0.000,0,0,0,0.000,0.000,4,0,1.000,0,0.000,0.000,0.000,0.000,0.339,0.304,3.151,0.091,0.077,0.923,0.157,0.700
614,24.560,0.000,0.000,0.000,0.000,0,0,0,0.000,0.000,4,0,1.000,0,0.000,0.000,0.000,0.000,0.348,0.280,2.997,0.032,0.075,0.925,0.159,0.700
616,24.640,0.000,0.000,0.000,0.000,0,0,0,0.000,0.000,4,0,1.000,0,0.000,0.000,0.000,0.000,0.349,0.362,2.751,0.098,0.076,0.924,0.153,0.700
618,24.720,0.000,0.000,0.000,0.000,0,0,0,0.000,0.000,4,0,1.000,0,0.000,0.000,0.000,0.000,0.348,0.284,2.548,0.131,0.074,0.926,0.159,0.700
620,24.800,0.000,0.000,0.000,0.000,0,0,0,0.000,0.000,4,0,1.000,0,0.000,0.000,0.000,0.000,0.329,0.336,2.443,0.175,0.070,0.930,0.155,0.700
622,24.880,0.000,0.000,0.000,0.000,0,0,0,0.000,0.000,4,0,1.000,0,0.000,0.000,0.000,0.000,0.308,0.280,2.295,0.201,0.069,0.931,0.158,0.700
624,24.960,0.000,0.000,0.000,0.000,0,0,0,0.000,0.000,3,0,1.000,0,0.000,0.000,0.000,0.000,0.317,0.321,2.094,0.108,0.066,0.934,0.155,0.700
626,25.040,0.000,0.000,0.000,0.000,0,0,0,0.000,0.000,3,0,1.000,0,0.000,0.000,0.000,0.000,0.279,0.362,1.974,0.111,0.063,0.937,0.152,0.700
628,25.120,0.000,0.000,0.000,0.000,0,0,0,0.000,0.000,3,0,1.000,0,0.000,0.000,0.000,0.000,0.281,0.369,1.722,0.100,0.059,0.941,0.151,0.700
630,25.200,0.000,0.000,0.000,0.000,0,0,0,0.000,0.000,3,0,1.000,0,0.000,0.000,0.000,0.000,0.280,0.296,1.432,0.016,0.055,0.945,0.156,0.700
632,25.280,0.000,0.000,0.000,0.000,0,0,0,0.000,0.000,3,0,1.000,0,0.000,0.000,0.000,0.000,0.257,0.285,1.141,0.023,0.053,0.947,0.156,0.000
634,25.360,0.000,0.000,0.000,0.000,0,0,0,0.000,0.000,3,0,1.000,0,0.000,0.000,0.000,0.000,0.243,0.303,0.875,0.018,0.050,0.950,0.155,0.000
636,25.440,0.000,0.000,0.000,0.000,0,0,0,0.000,0.000,3,0,1.000,0,0.000,0.000,0.000,0.000,0.232,0.306,0.582,0.069,0.045,0.955,0.154,0.000
638,25.520,0.000,0.000,0.000,0.000,0,0,0,0.000,0.000,3,0,1.000,0,0.000,0.000,0.000,0.000,0.227,0.246,0.224,0.050,0.043,0.957,0.158,0.000
640,25.600,0.000,0.000,0.000,0.000,0,0,0,0.000,0.000,3,0,1.000,0,0.000,0.000,0.000,0.000,0.192,0.264,0.221,0.074,0.043,0.957,0.156,0.000
642,25.680,0.000,0.000,0.000,0.000,0,0,0,0.000,0.000,3,0,1.000,0,0.000,0.000,0.000,0.000,0.177,0.394,0.708,0.135,0.038,0.962,0.147,0.000
644,25.760,0.000,0.000,0.000,0.000,0,0,0,0.000,0.000,3,0,1.000,0,0.000,0.000,0.000,0.000,0.174,0.308,1.450,0.010,0.034,0.966,0.153,0.700
646,25.840,0.000,0.000,0.000,0.000,0,0,0,0.000,0.000,3,0,1.000,0,0.000,0.000,0.000,0.000,0.157,0.260,2.239,0.100,0.033,0.967,0.156,0.700
648,25.920,0.000,0.000,0.000,0.000,0,0,0,0.000,0.000,3,0,1.000,0,0.000,0.000,0.000,0.000,0.147,0.243,3.236,0.004,0.031,0.969,0.157,0.700
650,26.000,0.000,0.000,0.000,0.000,0,0,0,0.000,0.000,3,0,1.000,0,0.000,0.000,0.000,0.000,0.130,0.338,4.970,0.176,0.027,0.973,0.150,0.700
652,26.080,0.000,0.000,0.000,0.000,0,0,0,0.000,0.000,3,0,1.000,0,0.000,0.000,0.000,0.000,0.114,0.208,7.443,0.120,0.024,0.976,0.158,0.700
654,26.160,0.000,0.000,0.000,0.000,0,0,0,0.000,0.000,3,0,1.000,0,0.000,0.000,0.000,0.000,0.104,0.270,8.271,0.019,0.023,0.977,0.154,0.700
656,26.240,0.000,0.000,0.000,0.000,0,0,0,0.000,0.000,3,0,1.000,0,0.000,0.000,0.000,0.000,0.094,0.441,10.373,0.042,0.024,0.976,0.141,0.700
658,26.320,0.000,0.000,0.000,0.000,0,0,0,0.000,0.000,3,0,1.000,0,0.000,0.000,0.000,0.000,0.084,0.557,7.437,0.000,0.018,0.982,0.133,0.700
660,26.400,0.000,0.000,0.000,0.000,0,0,0,0.000,0.000,3,0,1.000,0,0.000,0.000,0.000,0.000,0.077,0.524,6.548,0.035,0.017,0.983,0.135,0.700
662,26.480,0.000,0.000,0.000,0.000,0,0,0,0.000,0.000,3,0,1.000,0,0.000,0.000,0.000,0.000,0.069,0.590,6.172,0.001,0.014,0.986,0.130,0.700
664,26.560,0.000,0.000,0.000,0.000,0,0,0,0.000,0.000,3,0,1.000,0,0.000,0.000,0.000,0.000,0.062,0.886,5.430,0.034,0.013,0.987,0.110,0.700
666,26.640,0.000,0.000,0.000,0.000,0,0,0,0.000,0.000,2,1,0.966,0,0.000,0.000,0.000,0.000,0.056,0.660,4.844,0.009,0.011,0.989,0.025,0.750
668,26.720,0.000,0.000,0.000,0.000,0,0,0,0.000,0.000,2,0,0.966,0,0.000,0.000,0.000,0.000,0.051,0.748,4.427,0.006,0.011,0.989,0.019,0.700
670,26.800,0.000,0.000,0.000,0.000,0,0,0,0.000,0.000,2,0,0.966,0,0.000,0.000,0.000,0.000,0.048,0.862,4.299,0.003,0.010,0.990,0.011,0.700
672,26.880,0.000,0.000,0.000,0.000,0,0,0,0.000,0.000,3,1,0.931,0,0.000,0.000,0.000,0.000,0.047,0.646,3.812,0.017,0.009,0.991,0.126,0.750
674,26.960,0.000,0.000,0.000,0.000,0,0,0,0.000,0.000,3,0,0.931,0,0.000,0.000,0.000,0.000,0.041,0.836,3.392,0.008,0.008,0.992,0.113,0.700
676,27.040,0.000,0.000,0.000,0.000,0,0,0,0.000,0.000,4,1,0.897,0,0.000,0.000,0.000,0.000,9.488,0.372,3.203,0.785,0.719,0.281,0.344,0.800
678,27.120,0.000,0.000,0.000,0.000,0,0,0,0.000,0.000,2,1,0.862,0,0.000,0.000,0.000,0.000,0.034,0.844,7.842,0.810,0.015,0.985,0.012,0.750
680,27.200,0.000,0.000,0.000,0.000,0,0,0,0.000,0.000,2,0,0.862,0,0.000,0.000,0.000,0.000,0.094,0.295,7.962,0.017,0.042,0.958,0.052,0.700
682,27.280,0.000,0.000,0.000,0.000,0,0,0,0.000,0.000,2,0,0.862,0,0.000,0.000,0.000,0.000,0.128,0.127,8.037,0.068,0.058,0.942,0.064,0.700
684,27.360,0.000,0.000,0.000,0.000,0,0,0,0.000,0.000,2,0,0.862,0,0.000,0.000,0.000,0.000,0.197,0.053,7.992,0.003,0.096,0.904,0.071,0.700
686,27.440,0.000,0.000,0.000,0.000,0,0,0,0.000,0.000,2,0,0.862,0,0.000,0.000,0.000,0.000,0.253,0.159,8.466,0.018,0.120,0.880,0.065,0.700
688,27.520,0.000,0.000,0.000,0.000,0,0,0,0.000,0.000,2,0,0.862,0,0.000,0.000,0.000,0.000,0.301,0.135,8.650,0.004,0.147,0.853,0.068,0.700
690,27.600,0.000,0.000,0.000,0.000,0,0,0,0.000,0.000,2,0,0.862,0,0.000,0.000,0.000,0.000,0.366,0.091,9.161,0.043,0.177,0.823,0.073,0.700
692,27.680,0.000,0.000,0.000,0.000,0,0,0,0.000,0.000,2,0,0.862,0,0.000,0.000,0.000,0.000,0.431,0.082,10.116,0.065,0.214,0.786,0.075,0.700
694,27.760,0.000,0.000,0.000,0.000,0,0,0,0.000,0.000,2,0,0.862,0,0.000,0.000,0.000,0.000,0.485,0.053,11.106,0.000,0.238,0.762,0.078,0.700
696,27.840,0.000,0.000,0.000,0.000,0,0,0,0.000,0.000,3,1,0.828,0,0.000,0.000,0.000,0.000,0.557,0.041,12.324,0.038,0.265,0.735,0.081,0.750
698,27.920,0.000,0.000,0.000,0.000,0,0,0,0.000,0.000,3,0,0.828,0,0.000,0.000,0.000,0.000,0.623,0.028,13.947,0.037,0.284,0.716,0.084,0.700
700,28.000,0.000,0.000,0.000,0.000,0,0,0,0.000,0.000,3,0,0.828,0,0.000,0.000,0.000,0.000,0.679,0.038,16.562,0.072,0.298,0.702,0.084,0.700
702,28.080,0.000,0.000,0.000,0.000,0,0,0,0.000,0.000,3,0,0.828,0,0.000,0.000,0.000,0.000,0.752,0.043,18.783,0.027,0.308,0.692,0.086,0.700
704,28.160,0.000,0.000,0.000,0.000,0,0,0,0.000,0.000,3,0,0.828,0,0.000,0.000,0.000,0.000,0.811,0.024,21.418,0.099,0.320,0.680,0.089,0.700
706,28.240,0.000,0.000,0.000,0.000,0,0,0,0.000,0.000,3,0,0.828,0,0.000,0.000,0.000,0.000,0.867,0.041,25.448,0.015,0.323,0.677,0.089,0.700
708,28.320,0.000,0.000,0.000,0.000,0,0,0,0.000,0.000,4,1,0.793,0,0.000,0.000,0.000,0.000,0.924,0.035,0.115,0.038,0.327,0.673,0.191,0.750
710,28.400,0.000,0.000,0.000,0.000,0,0,0,0.000,0.000,4,0,0.793,0,0.000,0.000,0.000,0.000,0.956,0.034,0.086,0.003,0.330,0.670,0.191,0.000
712,28.480,0.000,0.000,0.000,0.000,0,0,0,0.000,0.000,4,0,0.793,0,0.000,0.000,0.000,0.000,0.972,0.028,0.061,0.031,0.340,0.660,0.192,0.000
714,28.560,0.000,0.000,0.000,0.000,0,0,0,0.000,0.000,4,0,0.793,0,0.000,0.000,0.000,0.000,0.991,0.029,0.037,0.009,0.331,0.669,0.193,0.000
716,28.640,0.000,0.000,0.000,0.000,0,0,0,0.000,0.000,4,0,0.793,0,0.000,0.000,0.000,0.000,1.001,0.028,0.017,0.005,0.331,0.669,0.193,0.000
718,28.720,0.000,0.000,0.000,0.000,0,0,0,0.000,0.000,4,0,0.793,0,0.000,0.000,0.000,0.000,0.974,0.028,0.000,0.006,0.327,0.673,0.192,0.000
720,28.800,0.000,0.000,0.000,0.000,0,0,0,0.000,0.000,4,0,0.793,0,0.000,0.000,0.000,0.000,0.949,0.025,0.013,0.035,0.321,0.679,0.192,0.000
722,28.880,0.000,0.000,0.000,0.000,0,0,0,0.000,0.000,4,0,0.793,0,0.000,0.000,0.000,0.000,0.920,0.030,0.021,0.033,0.315,0.685,0.191,0.000
724,28.960,0.000,0.000,0.000,0.000,0,0,0,0.000,0.000,4,0,0.828,0,0.000,0.000,0.000,0.000,0.951,0.031,0.025,0.273,0.319,0.681,0.192,0.000
726,29.040,0.000,0.000,0.000,0.000,0,0,0,0.000,0.000,4,0,0.828,0,0.000,0.000,0.000,0.000,0.998,0.041,0.026,0.036,0.297,0.703,0.192,0.000
728,29.120,0.000,0.000,0.000,0.000,0,0,0,0.000,0.000,4,0,0.828,0,0.000,0.000,0.000,0.000,0.942,0.040,0.024,0.125,0.287,0.713,0.191,0.000
730,29.200,0.000,0.000,0.000,0.000,0,0,0,0.000,0.000,4,0,0.862,0,0.000,0.000,0.000,0.000,0.878,0.055,0.017,0.152,0.278,0.722,0.188,0.000
732,29.280,0.000,0.000,0.000,0.000,0,0,0,0.000,0.000,4,0,0.862,0,0.000,0.000,0.000,0.000,0.790,0.040,0.005,0.080,0.268,0.732,0.187,0.000
734,29.360,0.000,0.000,0.000,0.000,0,0,0,0.000,0.000,4,0,0.897,0,0.000,0.000,0.000,0.000,0.620,0.023,0.015,0.084,0.254,0.746,0.184,0.000
736,29.440,0.000,0.000,0.000,0.000,0,0,0,0.000,0.000,4,0,0.931,0,0.000,0.000,0.000,0.000,0.534,0.014,0.043,0.006,0.257,0.743,0.182,0.000
738,29.520,0.000,0.000,0.000,0.000,0,0,0,0.000,0.000,4,0,0.931,0,0.000,0.000,0.000,0.000,0.453,0.029,1.740,0.116,0.223,0.777,0.179,0.700
740,29.600,0.000,0.000,0.000,0.000,0,0,0,0.000,0.000,3,1,0.897,0,0.000,0.000,0.000,0.000,0.414,0.096,1.380,0.071,0.204,0.796,0.174,0.750
742,29.680,0.000,0.000,0.000,0.000,0,0,0,0.000,0.000,3,0,0.897,0,0.000,0.000,0.000,0.000,0.331,0.114,1.026,0.040,0.187,0.813,0.170,0.000
744,29.760,0.000,0.000,0.000,0.000,0,0,0,0.000,0.000,3,0,0.897,0,0.000,0.000,0.000,0.000,0.293,0.100,0.669,0.084,0.166,0.834,0.170,0.000
746,29.840,0.000,0.000,0.000,0.000,0,0,0,0.000,0.000,3,0,0.897,0,0.000,0.000,0.000,0.000,0.256,0.160,0.292,0.095,0.140,0.860,0.165,0.000
748,29.920,0.000,0.000,0.000,0.000,0,0,0,0.000,0.000,3,0,0.897,0,0.000,0.000,0.000,0.000,0.228,0.100,0.117,0.016,0.129,0.871,0.169,0.000
750,30.000,0.000,0.000,0.000,0.000,0,0,0,0.000,0.000,3,0,0.897,0,0.000,0.000,0.000,0.000,0.184,0.143,0.571,0.047,0.103,0.897,0.165,0.000
752,30.080,0.000,0.000,0.000,0.000,0,0,0,0.000,0.000,3,0,0.897,0,0.000,0.000,0.000,0.000,0.159,0.283,1.111,0.025,0.082,0.918,0.154,0.000
754,30.160,0.000,0.000,0.000,0.000,0,0,0,0.000,0.000,3,0,0.931,0,0.000,0.000,0.000,0.000,0.128,0.244,1.786,0.026,0.090,0.910,0.156,0.700
756,30.240,0.000,0.000,0.000,0.000,0,0,0,0.000,0.000,3,0,0.931,0,0.000,0.000,0.000,0.000,0.105,0.208,2.738,0.010,0.059,0.941,0.158,0.700
758,30.320,0.000,0.000,0.000,0.000,0,0,0,0.000,0.000,3,0,0.931,0,0.000,0.000,0.000,0.000,0.061,0.106,4.040,0.007,0.029,0.971,0.164,0.700
760,30.400,0.000,0.000,0.000,0.000,0,0,0,0.000,0.000,3,0,0.931,0,0.000,0.000,0.000,0.000,0.050,0.031,5.983,0.040,0.019,0.981,0.169,0.700
762,30.480,0.000,0.000,0.000,0.000,0,0,0,0.000,0.000,7,1,0.897,0,0.000,0.000,0.000,0.000,7.926,0.101,9.000,0.918,0.995,0.005,0.361,0.800
764,30.560,0.000,0.000,0.000,0.000,0,0,0,0.000,0.000,6,1,0.862,0,0.000,0.000,0.000,0.000,0.001,0.286,2.315,0.345,0.000,1.000,0.150,0.750
766,30.640,0.000,0.000,0.000,0.000,0,0,0,0.000,0.000,6,0,0.897,0,0.000,0.000,0.000,0.000,0.001,0.286,1.813,0.000,0.000,1.000,0.150,0.700
768,30.720,0.000,0.000,0.000,0.000,0,0,0,0.000,0.000,5,0,0.897,0,0.000,0.000,0.000,0.000,0.084,0.622,1.386,0.096,0.048,0.952,0.129,0.000
770,30.800,0.000,0.000,0.000,0.000,0,0,0,0.000,0.000,5,0,0.897,0,0.000,0.000,0.000,0.000,0.001,0.910,1.039,0.288,0.000,1.000,0.106,0.000
772,30.880,0.000,0.000,0.000,0.000,0,0,0,0.000,0.000,5,0,0.897,0,0.000,0.000,0.000,0.000,0.001,0.961,0.842,0.063,0.000,1.000,0.103,0.000
774,30.960,0.000,0.000,0.000,0.000,0,0,0,0.000,0.000,5,0,0.897,0,0.000,0.000,0.000,0.000,0.000,1.000,0.646,0.518,0.000,1.000,0.100,0.000
776,31.040,0.000,0.000,0.000,0.000,0,0,0,0.000,0.000,5,0,0.897,0,0.000,0.000,0.000,0.000,0.000,1.000,0.485,0.000,0.000,1.000,0.100,0.000
778,31.120,0.000,0.000,0.000,0.000,0,0,0,0.000,0.000,5,0,0.897,0,0.000,0.000,0.000,0.000,0.000,1.000,0.336,0.000,0.000,1.000,0.100,0.000
780,31.200,0.000,0.000,0.000,0.000,0,0,0,0.000,0.000,5,0,0.897,0,0.000,0.000,0.000,0.000,0.000,1.000,0.201,0.000,0.000,1.000,0.100,0.000
782,31.280,0.000,0.000,0.000,0.000,0,0,0,0.000,0.000,5,0,0.897,0,0.000,0.000,0.000,0.000,0.000,1.000,0.063,0.000,0.000,1.000,0.100,0.000
784,31.360,0.000,0.000,0.000,0.000,0,0,0,0.000,0.000,5,0,0.897,0,0.000,0.000,0.000,0.000,0.000,1.000,0.075,0.000,0.000,1.000,0.100,0.000
786,31.440,0.000,0.000,0.000,0.000,0,0,0,0.000,0.000,5,0,0.897,0,0.000,0.000,0.000,0.000,0.000,1.000,0.237,0.000,0.000,1.000,0.100,0.000
788,31.520,0.000,0.000,0.000,0.000,0,0,0,0.000,0.000,5,0,0.897,0,0.000,0.000,0.000,0.000,0.000,1.000,0.453,0.000,0.000,1.000,0.100,0.000
790,31.600,0.000,0.000,0.000,0.000,0,0,0,0.000,0.000,5,0,0.897,0,0.000,0.000,0.000,0.000,0.000,1.000,0.726,0.000,0.000,1.000,0.100,0.000
792,31.680,0.000,0.000,0.000,0.000,0,0,0,0.000,0.000,5,0,0.897,0,0.000,0.000,0.000,0.000,0.000,1.000,1.083,0.000,0.000,1.000,0.100,0.000
794,31.760,0.000,0.000,0.000,0.000,0,0,0,0.000,0.000,5,0,0.897,0,0.000,0.000,0.000,0.000,0.000,1.000,0.405,0.000,0.000,1.000,0.100,0.000
796,31.840,0.000,0.000,0.000,0.000,0,0,0,0.000,0.000,5,0,0.897,0,0.000,0.000,0.000,0.000,0.000,1.000,0.382,0.000,0.000,1.000,0.100,0.000
798,31.920,0.000,0.000,0.000,0.000,0,0,0,0.000,0.000,5,0,0.931,0,0.000,0.000,0.000,0.000,0.000,1.000,0.362,0.000,0.000,1.000,0.100,0.000
800,32.000,0.000,0.000,0.000,0.000,0,0,0,0.000,0.000,5,0,0.931,0,0.000,0.000,0.000,0.000,0.000,1.000,0.351,0.000,0.000,1.000,0.100,0.000
802,32.080,0.000,0.000,0.000,0.000,0,0,0,0.000,0.000,5,0,0.931,0,0.000,0.000,0.000,0.000,0.000,1.000,0.336,0.000,0.000,1.000,0.100,0.000
804,32.160,0.000,0.000,0.000,0.000,0,0,0,0.000,0.000,5,0,0.931,0,0.000,0.000,0.000,0.000,0.000,1.000,0.324,0.000,0.000,1.000,0.100,0.000
806,32.240,0.000,0.000,0.000,0.000,0,0,0,0.000,0.000,5,0,0.931,0,0.000,0.000,0.000,0.000,0.000,1.000,0.313,0.000,0.000,1.000,0.100,0.000
808,32.320,0.000,0.000,0.000,0.000,0,0,0,0.000,0.000,5,0,0.931,0,0.000,0.000,0.000,0.000,0.000,1.000,0.303,0.000,0.000,1.000,0.100,0.000
810,32.400,0.000,0.000,0.000,0.000,0,0,0,0.000,0.000,5,0,0.931,0,0.000,0.000,0.000,0.000,0.000,1.000,0.295,0.000,0.000,1.000,0.100,0.000
812,32.480,0.000,0.000,0.000,0.000,0,0,0,0.000,0.000,5,0,0.931,0,0.000,0.000,0.000,0.000,0.000,1.000,0.288,0.000,0.000,1.000,0.100,0.000
814,32.560,0.000,0.000,0.000,0.000,0,0,0,0.000,0.000,5,0,0.931,0,0.000,0.000,0.000,0.000,0.000,1.000,0.283,0.000,0.000,1.000,0.100,0.000
816,32.640,0.000,0.000,0.000,0.000,0,0,0,0.000,0.000,5,0,0.931,0,0.000,0.000,0.000,0.000,0.000,1.000,0.278,0.000,0.000,1.000,0.100,0.000
818,32.720,0.000,0.000,0.000,0.000,0,0,0,0.000,0.000,5,0,0.931,0,0.000,0.000,0.000,0.000,0.000,1.000,0.274,0.000,0.000,1.000,0.100,0.000
820,32.800,0.000,0.000,0.000,0.000,0,0,0,0.000,0.000,5,0,0.966,0,0.000,0.000,0.000,0.000,0.000,1.000,0.272,0.000,0.000,1.000,0.100,0.000
822,32.880,0.000,0.000,0.000,0.000,0,0,0,0.000,0.000,5,0,1.000,0,0.000,0.000,0.000,0.000,0.059,0.078,0.270,0.595,0.020,0.980,0.166,0.480
824,32.960,0.000,0.000,0.000,0.000,0,0,0,0.000,0.000,5,0,1.000,0,0.000,0.000,0.000,0.000,0.103,0.718,0.083,2.837,0.048,0.952,0.122,0.550
826,33.040,0.000,0.000,0.000,0.000,0,0,0,0.000,0.000,5,0,1.000,0,0.000,0.000,0.000,0.000,0.129,0.386,0.244,2.702,0.054,0.946,0.146,0.550
828,33.120,0.000,0.000,0.000,0.000,0,0,0,0.000,0.000,6,0,1.000,0,0.000,0.000,0.000,0.000,0.085,0.741,0.654,2.410,0.030,0.970,0.120,0.550
830,33.200,0.000,0.000,0.000,0.000,0,0,0,0.000,0.000,6,0,1.000,0,0.000,0.000,0.000,0.000,0.059,0.790,2.485,3.124,0.031,0.969,0.116,0.700
832,33.280,0.000,0.000,0.000,0.000,0,0,0,0.000,0.000,6,0,1.000,0,0.000,0.000,0.000,0.000,0.083,0.703,2.876,1.115,0.040,0.960,0.123,0.700
834,33.360,0.000,0.000,0.000,0.000,0,0,0,0.000,0.000,6,0,1.000,0,0.000,0.000,0.000,0.000,0.091,0.796,3.429,2.722,0.045,0.955,0.117,0.700
836,33.440,0.000,0.000,0.000,0.000,0,0,0,0.000,0.000,6,0,1.000,0,0.000,0.000,0.000,0.000,0.073,0.418,4.035,2.588,0.033,0.967,0.143,0.700
838,33.520,0.000,0.000,0.000,0.000,0,0,0,0.000,0.000,6,0,1.000,0,0.000,0.000,0.000,0.000,0.088,0.463,4.519,0.860,0.035,0.965,0.140,0.700
840,33.600,0.000,0.000,0.000,0.000,0,0,0,0.000,0.000,7,1,0.966,0,0.000,0.000,0.000,0.000,0.894,0.206,5.104,1.351,0.080,0.920,0.178,0.750
842,33.680,0.000,0.000,0.000,0.000,0,0,0,0.000,0.000,7,0,0.966,0,0.000,0.000,0.000,0.000,1.017,0.235,11.061,0.577,0.134,0.866,0.179,0.700
844,33.760,0.000,0.000,0.000,0.000,0,0,0,0.000,0.000,7,0,0.966,0,0.000,0.000,0.000,0.000,1.941,0.359,17.837,1.274,0.182,0.818,0.193,0.700
846,33.840,0.000,0.000,0.000,0.000,0,0,0,0.000,0.000,6,1,0.931,0,0.000,0.000,0.000,0.000,2.893,0.300,30.773,0.035,0.195,0.805,0.221,0.750
848,33.920,0.000,0.000,0.000,0.000,0,0,0,0.000,0.000,6,0,0.931,0,0.000,0.000,0.000,0.000,3.728,0.252,50.059,0.015,0.152,0.848,0.246,0.700
850,34.000,0.000,0.000,0.000,0.000,0,0,0,0.000,0.000,6,0,0.931,0,0.000,0.000,0.000,0.000,5.177,0.547,74.908,0.004,0.117,0.883,0.261,0.700
852,34.080,0.000,0.000,0.000,0.000,0,0,0,0.000,0.000,4,1,0.897,0,0.000,0.000,0.000,0.000,5.371,0.781,109.420,0.146,0.118,0.882,0.250,0.750
854,34.160,0.000,0.000,0.000,0.000,0,0,0,0.000,0.000,4,0,0.897,0,0.000,0.000,0.000,0.000,2.596,0.898,99.300,0.638,0.096,0.904,0.172,0.700
856,34.240,0.000,0.000,0.000,0.000,0,0,0,0.000,0.000,4,0,0.897,0,0.000,0.000,0.000,0.000,2.850,0.735,56.272,1.179,0.110,0.890,0.190,0.700
858,34.320,0.000,0.000,0.000,0.000,0,0,0,0.000,0.000,4,0,0.897,0,0.000,0.000,0.000,0.000,1.059,0.644,43.733,0.061,0.094,0.906,0.151,0.700
860,34.400,0.000,0.000,0.000,0.000,0,0,0,0.000,0.000,4,0,0.897,0,0.000,0.000,0.000,0.000,3.162,0.790,42.388,0.100,0.115,0.885,0.194,0.700
862,34.480,0.000,0.000,0.000,0.000,0,0,0,0.000,0.000,4,0,0.897,0,0.000,0.000,0.000,0.000,4.125,0.707,46.843,0.052,0.119,0.881,0.224,0.700
864,34.560,0.000,0.000,0.000,0.000,0,0,0,0.000,0.000,3,1,0.862,0,0.000,0.000,0.000,0.000,1.362,0.798,51.457,0.919,0.096,0.904,0.048,0.750
866,34.640,0.000,0.000,0.000,0.000,0,0,0,0.000,0.000,3,0,0.862,0,0.000,0.000,0.000,0.000,0.863,0.859,51.953,0.033,0.084,0.916,0.031,0.700
868,34.720,0.000,0.000,0.000,0.000,0,0,0,0.000,0.000,3,0,0.862,0,0.000,0.000,0.000,0.000,1.610,0.939,53.805,0.461,0.099,0.901,0.045,0.700
870,34.800,0.000,0.000,0.000,0.000,0,0,0,0.000,0.000,4,1,0.828,0,0.000,0.000,0.000,0.000,1.166,0.947,56.617,0.383,0.100,0.900,0.133,0.750
872,34.880,0.000,0.000,0.000,0.000,0,0,0,0.000,0.000,4,0,0.828,0,0.000,0.000,0.000,0.000,0.659,0.801,11.632,0.238,0.067,0.933,0.130,0.700
874,34.960,0.000,0.000,0.000,0.000,0,0,0,0.000,0.000,4,0,0.828,0,0.000,0.000,0.000,0.000,0.565,0.376,7.766,1.766,0.072,0.928,0.158,0.700
876,35.040,0.000,0.000,0.000,0.000,0,0,0,0.000,0.000,3,1,0.793,0,0.000,0.000,0.000,0.000,0.601,0.535,4.081,1.057,0.082,0.918,0.048,0.750
878,35.120,0.000,0.000,0.000,0.000,0,0,0,0.000,0.000,3,0,0.793,0,0.000,0.000,0.000,0.000,1.716,0.410,2.205,0.810,0.118,0.882,0.084,0.700
880,35.200,0.000,0.000,0.000,0.000,0,0,0,0.000,0.000,3,0,0.793,0,0.000,0.000,0.000,0.000,1.113,0.663,1.265,0.636,0.119,0.881,0.051,0.000
882,35.280,0.000,0.000,0.000,0.000,0,0,0,0.000,0.000,3,0,0.793,0,0.000,0.000,0.000,0.000,0.460,0.670,0.528,2.906,0.072,0.928,0.035,0.550
884,35.360,0.000,0.000,0.000,0.000,0,0,0,0.000,0.000,3,0,0.793,0,0.000,0.000,0.000,0.000,0.486,0.432,0.078,3.111,0.062,0.938,0.052,0.550
886,35.440,0.000,0.000,0.000,0.000,0,0,0,0.000,0.000,3,0,0.793,0,0.000,0.000,0.000,0.000,0.452,0.649,0.088,0.535,0.059,0.941,0.036,0.000
888,35.520,0.000,0.000,0.000,0.000,0,0,0,0.000,0.000,3,0,0.793,0,0.000,0.000,0.000,0.000,0.367,0.830,0.276,2.514,0.047,0.953,0.021,0.550
890,35.600,0.000,0.000,0.000,0.000,0,0,0,0.000,0.000,3,0,0.793,0,0.000,0.000,0.000,0.000,0.710,0.851,0.345,2.324,0.084,0.916,0.028,0.550
892,35.680,0.000,0.000,0.000,0.000,0,0,0,0.000,0.000,3,0,0.793,0,0.000,0.000,0.000,0.000,0.392,0.535,0.566,1.183,0.065,0.935,0.042,0.000
894,35.760,0.000,0.000,0.000,0.000,0,0,0,0.000,0.000,3,0,0.793,0,0.000,0.000,0.000,0.000,0.355,0.871,0.872,0.140,0.037,0.963,0.018,0.000
896,35.840,0.000,0.000,0.000,0.000,0,0,0,0.000,0.000,3,0,0.793,0,0.000,0.000,0.000,0.000,0.546,0.820,1.009,0.901,0.078,0.922,0.026,0.000
898,35.920,0.000,0.000,0.000,0.000,0,0,0,0.000,0.000,2,1,0.793,0,0.000,0.000,0.000,0.000,0.388,0.645,1.097,2.671,0.073,0.927,0.035,0.750
900,36.000,0.000,0.000,0.000,0.000,0,0,0,0.000,0.000,3,1,0.759,0,0.000,0.000,0.000,0.000,0.844,0.618,1.306,2.643,0.110,0.890,0.048,0.750
902,36.080,0.000,0.000,0.000,0.000,0,0,0,0.000,0.000,2,1,0.724,0,0.000,0.000,0.000,0.000,0.345,0.679,1.351,0.892,0.050,0.950,0.031,0.750
904,36.160,0.000,0.000,0.000,0.000,0,0,0,0.000,0.000,3,1,0.724,0,0.000,0.000,0.000,0.000,0.426,0.837,1.323,1.907,0.056,0.944,0.022,0.750
906,36.240,0.000,0.000,0.000,0.000,0,0,0,0.000,0.000,3,0,0.724,0,0.000,0.000,0.000,0.000,0.824,0.207,1.204,0.968,0.091,0.909,0.076,0.480
908,36.320,0.000,0.000,0.000,0.000,0,0,0,0.000,0.000,3,0,0.724,0,0.000,0.000,0.000,0.000,1.039,0.293,1.053,0.146,0.091,0.909,0.075,0.000
910,36.400,0.000,0.000,0.000,0.000,0,0,0,0.000,0.000,3,0,0.759,0,0.000,0.000,0.000,0.000,0.708,0.757,1.022,0.303,0.061,0.939,0.035,0.000
912,36.480,0.000,0.000,0.000,0.000,0,0,0,0.000,0.000,3,0,0.759,0,0.000,0.000,0.000,0.000,0.648,0.708,0.993,0.640,0.052,0.948,0.037,0.000
914,36.560,0.000,0.000,0.000,0.000,0,0,0,0.000,0.000,3,0,0.759,0,0.000,0.000,0.000,0.000,0.805,0.156,0.964,0.438,0.063,0.937,0.079,0.480
916,36.640,0.000,0.000,0.000,0.000,0,0,0,0.000,0.000,3,0,0.759,0,0.000,0.000,0.000,0.000,1.816,0.784,0.814,0.984,0.101,0.899,0.061,0.000
918,36.720,0.000,0.000,0.000,0.000,0,0,0,0.000,0.000,4,1,0.724,0,0.000,0.000,0.000,0.000,0.801,0.481,0.601,0.293,0.086,0.914,0.156,0.750
920,36.800,0.000,0.000,0.000,0.000,0,0,0,0.000,0.000,4,0,0.724,0,0.000,0.000,0.000,0.000,3.133,0.097,0.515,0.645,0.117,0.883,0.242,0.000
922,36.880,0.000,0.000,0.000,0.000,0,0,0,0.000,0.000,4,0,0.759,0,0.000,0.000,0.000,0.000,2.289,0.045,0.232,0.395,0.239,0.761,0.224,0.000
924,36.960,0.000,0.000,0.000,0.000,0,0,0,0.000,0.000,5,0,0.759,0,0.000,0.000,0.000,0.000,9.070,0.257,0.375,2.270,0.233,0.767,0.352,0.550
926,37.040,0.000,0.000,0.000,0.000,0,0,0,0.000,0.000,5,0,0.759,0,0.000,0.000,0.000,0.000,0.719,0.196,1.903,2.423,0.115,0.885,0.174,0.700
928,37.120,0.000,0.000,0.000,0.000,0,0,0,0.000,0.000,4,1,0.759,0,0.000,0.000,0.000,0.000,0.174,0.778,1.967,2.367,0.047,0.953,0.120,0.750
930,37.200,0.000,0.000,0.000,0.000,0,0,0,0.000,0.000,5,1,0.724,0,0.000,0.000,0.000,0.000,0.002,0.513,2.468,2.305,0.000,1.000,0.134,0.750
932,37.280,0.000,0.000,0.000,0.000,0,0,0,0.000,0.000,5,0,0.724,0,0.000,0.000,0.000,0.000,0.001,0.384,2.518,0.483,0.000,1.000,0.143,0.700
934,37.360,0.000,0.000,0.000,0.000,0,0,0,0.000,0.000,5,0,0.759,0,0.000,0.000,0.000,0.000,0.002,1.000,2.457,0.642,0.000,1.000,0.100,0.700
936,37.440,0.000,0.000,0.000,0.000,0,0,0,0.000,0.000,5,0,0.759,0,0.000,0.000,0.000,0.000,0.001,0.364,2.382,0.215,0.000,1.000,0.145,0.700
938,37.520,0.000,0.000,0.000,0.000,0,0,0,0.000,0.000,5,0,0.759,0,0.000,0.000,0.000,0.000,0.001,1.000,2.166,0.196,0.000,1.000,0.100,0.700
940,37.600,0.000,0.000,0.000,0.000,0,0,0,0.000,0.000,5,0,0.759,0,0.000,0.000,0.000,0.000,0.001,0.384,3.061,0.237,0.000,1.000,0.143,0.700
942,37.680,0.000,0.000,0.000,0.000,0,0,0,0.000,0.000,5,0,0.759,0,0.000,0.000,0.000,0.000,0.001,1.000,3.555,0.404,0.000,1.000,0.100,0.700
944,37.760,0.000,0.000,0.000,0.000,0,0,0,0.000,0.000,5,0,0.759,0,0.000,0.000,0.000,0.000,0.001,0.384,3.296,0.490,0.000,1.000,0.143,0.700
946,37.840,0.000,0.000,0.000,0.000,0,0,0,0.000,0.000,5,0,0.759,0,0.000,0.000,0.000,0.000,0.001,0.384,2.845,0.091,0.000,1.000,0.143,0.700
948,37.920,0.000,0.000,0.000,0.000,0,0,0,0.000,0.000,5,0,0.759,0,0.000,0.000,0.000,0.000,0.001,0.364,1.078,0.256,0.000,1.000,0.145,0.000
950,38.000,0.000,0.000,0.000,0.000,0,0,0,0.000,0.000,5,0,0.759,0,0.000,0.000,0.000,0.000,0.001,0.479,0.877,0.549,0.000,1.000,0.137,0.000
952,38.080,0.000,0.000,0.000,0.000,0,0,0,0.000,0.000,5,0,0.759,0,0.000,0.000,0.000,0.000,0.000,1.000,0.076,1.067,0.000,1.000,0.100,0.000
954,38.160,0.000,0.000,0.000,0.000,0,0,0,0.000,0.000,5,0,0.759,0,0.000,0.000,0.000,0.000,0.001,1.000,0.430,0.719,0.000,1.000,0.100,0.000
956,38.240,0.000,0.000,0.000,0.000,0,0,0,0.000,0.000,5,0,0.793,0,0.000,0.000,0.000,0.000,0.000,1.000,0.710,0.708,0.000,1.000,0.100,0.000
958,38.320,0.000,0.000,0.000,0.000,0,0,0,0.000,0.000,5,0,0.828,0,0.000,0.000,0.000,0.000,0.001,0.364,0.739,0.766,0.000,1.000,0.145,0.000
960,38.400,0.000,0.000,0.000,0.000,0,0,0,0.000,0.000,5,0,0.862,0,0.000,0.000,0.000,0.000,0.001,1.000,0.735,0.243,0.000,1.000,0.100,0.000
962,38.480,0.000,0.000,0.000,0.000,0,0,0,0.000,0.000,5,0,0.897,0,0.000,0.000,0.000,0.000,0.001,0.384,0.699,0.005,0.000,1.000,0.143,0.000
964,38.560,0.000,0.000,0.000,0.000,0,0,0,0.000,0.000,5,0,0.897,0,0.000,0.000,0.000,0.000,0.001,0.384,0.684,0.399,0.000,1.000,0.143,0.000
966,38.640,0.000,0.000,0.000,0.000,0,0,0,0.000,0.000,5,0,0.897,0,0.000,0.000,0.000,0.000,0.001,0.384,0.666,0.000,0.000,1.000,0.143,0.000
968,38.720,0.000,0.000,0.000,0.000,0,0,0,0.000,0.000,5,0,0.897,0,0.000,0.000,0.000,0.000,0.001,0.384,0.634,0.000,0.000,1.000,0.143,0.000
970,38.800,0.000,0.000,0.000,0.000,0,0,0,0.000,0.000,5,0,0.897,0,0.000,0.000,0.000,0.000,0.001,0.384,0.596,0.000,0.000,1.000,0.143,0.000
972,38.880,0.000,0.000,0.000,0.000,0,0,0,0.000,0.000,5,0,0.897,0,0.000,0.000,0.000,0.000,0.001,0.384,0.570,0.000,0.000,1.000,0.143,0.000
974,38.960,0.000,0.000,0.000,0.000,0,0,0,0.000,0.000,5,0,0.897,0,0.000,0.000,0.000,0.000,0.001,0.384,0.547,0.643,0.000,1.000,0.143,0.000
976,39.040,0.000,0.000,0.000,0.000,0,0,0,0.000,0.000,5,0,0.931,0,0.000,0.000,0.000,0.000,0.001,0.479,0.519,0.168,0.000,1.000,0.137,0.000
978,39.120,0.000,0.000,0.000,0.000,0,0,0,0.000,0.000,5,0,0.931,0,0.000,0.000,0.000,0.000,0.001,0.384,0.464,0.400,0.000,1.000,0.143,0.000
980,39.200,0.000,0.000,0.000,0.000,0,0,0,0.000,0.000,5,0,0.931,0,0.000,0.000,0.000,0.000,0.000,1.000,0.439,0.209,0.000,1.000,0.100,0.000
982,39.280,0.000,0.000,0.000,0.000,0,0,0,0.000,0.000,5,0,0.931,0,0.000,0.000,0.000,0.000,0.000,1.000,0.358,0.000,0.000,1.000,0.100,0.000
984,39.360,0.000,0.000,0.000,0.000,0,0,0,0.000,0.000,5,0,0.931,0,0.000,0.000,0.000,0.000,0.000,1.000,0.295,0.000,0.000,1.000,0.100,0.000
986,39.440,0.000,0.000,0.000,0.000,0,0,0,0.000,0.000,5,0,0.966,0,0.000,0.000,0.000,0.000,0.000,1.000,0.330,0.000,0.000,1.000,0.100,0.000
988,39.520,0.000,0.000,0.000,0.000,0,0,0,0.000,0.000,5,0,1.000,0,0.000,0.000,0.000,0.000,0.000,1.000,0.277,0.000,0.000,1.000,0.100,0.000
990,39.600,0.000,0.000,0.000,0.000,0,0,0,0.000,0.000,5,0,1.000,0,0.000,0.000,0.000,0.000,0.001,0.384,0.046,0.764,0.000,1.000,0.143,0.000
992,39.680,0.000,0.000,0.000,0.000,0,0,0,0.000,0.000,5,0,1.000,0,0.000,0.000,0.000,0.000,0.001,0.479,0.035,0.105,0.000,1.000,0.137,0.000
994,39.760,0.000,0.000,0.000,0.000,0,0,0,0.000,0.000,5,0,1.000,0,0.000,0.000,0.000,0.000,0.001,0.384,0.031,0.025,0.000,1.000,0.143,0.000
996,39.840,0.000,0.000,0.000,0.000,0,0,0,0.000,0.000,5,0,1.000,0,0.000,0.000,0.000,0.000,0.001,0.384,0.020,0.476,0.000,1.000,0.143,0.000
998,39.920,0.000,0.000,0.000,0.000,0,0,0,0.000,0.000,5,0,1.000,0,0.000,0.000,0.000,0.000,0.001,0.384,0.017,0.401,0.000,1.000,0.143,0.000
1000,40.000,0.000,0.000,0.000,0.000,0,0,0,0.000,0.000,5,0,1.000,0,0.000,0.000,0.000,0.000,0.001,0.384,0.010,0.401,0.000,1.000,0.143,0.000
1002,40.080,0.000,0.000,0.000,0.000,0,0,0,0.000,0.000,5,0,1.000,0,0.000,0.000,0.000,0.000,0.001,0.384,0.008,0.000,0.000,1.000,0.143,0.000
1004,40.160,0.000,0.000,0.000,0.000,0,0,0,0.000,0.000,5,0,1.000,0,0.000,0.000,0.000,0.000,0.001,0.384,0.005,0.000,0.000,1.000,0.143,0.000
1006,40.240,0.000,0.000,0.000,0.000,0,0,0,0.000,0.000,5,0,1.000,0,0.000,0.000,0.000,0.000,0.001,0.636,0.005,0.472,0.000,1.000,0.126,0.000
1008,40.320,0.000,0.000,0.000,0.000,0,0,0,0.000,0.000,5,0,1.000,0,0.000,0.000,0.000,0.000,0.001,1.000,0.006,0.040,0.000,1.000,0.100,0.000
1010,40.400,0.000,0.000,0.000,0.000,0,0,0,0.000,0.000,5,0,1.000,0,0.000,0.000,0.000,0.000,0.001,1.000,0.003,0.120,0.000,1.000,0.100,0.000
1012,40.480,0.000,0.000,0.000,0.000,0,0,0,0.000,0.000,5,0,1.000,0,0.000,0.000,0.000,0.000,0.000,1.000,0.001,0.470,0.000,1.000,0.100,0.000
1014,40.560,0.000,0.000,0.000,0.000,0,0,0,0.000,0.000,5,0,1.000,0,0.000,0.000,0.000,0.000,0.000,1.000,0.001,0.000,0.000,1.000,0.100,0.000
1016,40.640,0.000,0.000,0.000,0.000,0,0,0,0.000,0.000,5,0,1.000,0,0.000,0.000,0.000,0.000,0.000,1.000,0.002,0.000,0.000,1.000,0.100,0.000
1018,40.720,0.000,0.000,0.000,0.000,0,0,0,0.000,0.000,5,0,1.000,0,0.000,0.000,0.000,0.000,0.000,1.000,0.002,0.000,0.000,1.000,0.100,0.000
1020,40.800,0.000,0.000,0.000,0.000,0,0,0,0.000,0.000,5,0,1.000,0,0.000,0.000,0.000,0.000,0.000,1.000,0.006,0.000,0.000,1.000,0.100,0.000
1022,40.880,0.000,0.000,0.000,0.000,0,0,0,0.000,0.000,5,0,1.000,0,0.000,0.000,0.000,0.000,0.001,0.510,0.003,0.545,0.000,1.000,0.134,0.000
1024,40.960,0.000,0.000,0.000,0.000,0,0,0,0.000,0.000,5,0,1.000,0,0.000,0.000,0.000,0.000,0.230,0.185,0.001,1.265,0.107,0.893,0.163,0.000
1026,41.040,0.000,0.000,0.000,0.000,0,0,0,0.000,0.000,3,1,0.966,0,0.000,0.000,0.000,0.000,10.869,0.034,1.526,0.771,0.597,0.403,0.268,0.800
1028,41.120,0.000,0.000,0.000,0.000,0,0,0,0.000,0.000,3,0,0.966,0,0.000,0.000,0.000,0.000,0.136,0.662,73.981,0.701,0.016,0.984,0.027,0.700
1030,41.200,0.000,0.000,0.000,0.000,0,0,0,0.000,0.000,3,0,0.966,0,0.000,0.000,0.000,0.000,0.788,0.701,74.878,1.860,0.016,0.984,0.041,0.700
1032,41.280,0.000,0.000,0.000,0.000,0,0,0,0.000,0.000,3,0,0.966,0,0.000,0.000,0.000,0.000,0.601,0.258,80.129,2.280,0.020,0.980,0.067,0.700
1034,41.360,0.000,0.000,0.000,0.000,0,0,0,0.000,0.000,3,0,0.966,0,0.000,0.000,0.000,0.000,0.890,0.481,84.132,1.565,0.020,0.980,0.059,0.700
1036,41.440,0.000,0.000,0.000,0.000,0,0,0,0.000,0.000,3,0,0.966,0,0.000,0.000,0.000,0.000,0.843,0.596,90.063,0.002,0.022,0.978,0.049,0.700
1038,41.520,0.000,0.000,0.000,0.000,0,0,0,0.000,0.000,3,0,0.966,0,0.000,0.000,0.000,0.000,1.341,0.500,95.679,1.161,0.056,0.944,0.069,0.700
1040,41.600,0.000,0.000,0.000,0.000,0,0,0,0.000,0.000,3,0,0.966,0,0.000,0.000,0.000,0.000,0.959,0.660,104.614,1.174,0.062,0.938,0.048,0.700
1042,41.680,0.000,0.000,0.000,0.000,0,0,0,0.000,0.000,3,0,0.966,0,0.000,0.000,0.000,0.000,1.575,0.839,111.003,0.488,0.079,0.921,0.051,0.700
1044,41.760,0.000,0.000,0.000,0.000,0,0,0,0.000,0.000,3,0,0.966,0,0.000,0.000,0.000,0.000,2.358,0.828,121.502,0.507,0.092,0.908,0.071,0.700
1046,41.840,0.000,0.000,0.000,0.000,0,0,0,0.000,0.000,3,0,0.966,0,0.000,0.000,0.000,0.000,3.982,0.877,137.217,0.031,0.099,0.901,0.108,0.700
1048,41.920,0.000,0.000,0.000,0.000,0,0,0,0.000,0.000,3,0,0.966,0,0.000,0.000,0.000,0.000,3.513,0.678,163.764,0.069,0.105,0.895,0.110,0.700
1050,42.000,0.000,0.000,0.000,0.000,0,0,0,0.000,0.000,3,0,0.966,0,0.000,0.000,0.000,0.000,3.089,0.543,187.182,0.206,0.125,0.875,0.109,0.700
1052,42.080,0.000,0.000,0.000,0.000,0,0,0,0.000,0.000,3,0,0.966,0,0.000,0.000,0.000,0.000,3.145,0.225,207.773,1.173,0.144,0.856,0.133,0.700
1054,42.160,0.000,0.000,0.000,0.000,0,0,0,0.000,0.000,3,0,0.966,0,0.000,0.000,0.000,0.000,3.855,0.378,228.735,0.942,0.139,0.861,0.140,0.700
1056,42.240,0.000,0.000,0.000,0.000,0,0,0,0.000,0.000,3,0,0.966,0,0.000,0.000,0.000,0.000,4.743,0.444,43.942,0.375,0.151,0.849,0.157,0.700
1058,42.320,0.000,0.000,0.000,0.000,0,0,0,0.000,0.000,3,0,0.966,0,0.000,0.000,0.000,0.000,4.975,0.572,0.510,0.782,0.128,0.872,0.154,0.000
1060,42.400,0.000,0.000,0.000,0.000,1,0,0,0.000,0.000,3,0,0.966,2,0.000,0.000,0.033,0.500,5.355,0.821,0.626,0.079,0.130,0.870,0.320,0.650
1062,42.480,0.000,0.000,0.000,0.000,0,0,0,0.000,0.000,3,0,0.966,0,0.000,0.000,0.033,0.500,2.545,0.832,0.721,0.023,0.100,0.900,0.079,0.650
1064,42.560,0.000,0.000,0.000,0.000,0,0,0,0.000,0.000,3,0,0.966,0,0.000,0.000,0.033,0.500,1.440,0.821,0.757,0.466,0.110,0.890,0.053,0.000
1066,42.640,0.000,30.017,0.000,30.017,1,0,0,0.000,0.000,3,0,0.966,2,0.000,0.000,0.067,0.368,1.219,0.867,0.751,0.383,0.100,0.900,0.385,0.650
1068,42.720,0.000,12.649,0.000,-17.368,1,0,0,0.000,0.000,3,0,0.966,2,0.000,0.000,0.100,0.312,0.931,0.846,0.742,0.029,0.072,0.928,0.286,0.000
1070,42.800,0.000,22.204,0.000,9.554,1,0,0,0.000,1.875,3,0,0.966,2,189.708,3998.778,0.133,0.277,0.915,0.679,0.702,0.396,0.069,0.931,0.355,0.750
1072,42.880,0.000,14.213,0.000,-7.991,1,0,0,0.000,1.693,3,0,0.966,2,189.708,3998.778,0.167,0.253,1.117,0.728,0.680,0.673,0.097,0.903,0.316,0.750
1074,42.960,0.000,7.000,0.000,-7.213,1,0,0,0.000,1.881,3,0,0.966,1,189.708,3998.778,0.200,0.244,0.568,0.239,0.632,1.752,0.066,0.934,0.240,0.750
1076,43.040,0.000,17.804,0.000,10.804,1,0,0,0.000,2.029,3,0,0.966,2,189.708,3998.778,0.233,0.228,2.017,0.863,0.529,0.313,0.112,0.888,0.357,0.750
1078,43.120,0.000,45.354,0.000,27.550,1,0,1,0.000,1.708,3,0,0.966,2,189.708,3998.778,0.267,0.215,5.000,0.287,0.371,0.848,0.149,0.851,0.707,0.750
1080,43.200,0.000,98.478,0.000,53.124,1,0,1,0.000,1.435,3,0,0.966,2,0.000,3748.720,0.300,0.204,4.970,0.201,0.320,0.750,0.194,0.806,0.716,0.450
1082,43.280,0.000,0.000,0.000,0.000,0,0,0,0.000,0.000,3,0,0.966,0,0.000,3748.720,0.300,0.204,2.884,0.245,0.294,0.569,0.336,0.664,0.161,0.650
1084,43.360,0.000,0.000,0.000,0.000,0,0,0,0.000,0.000,3,0,1.000,0,0.000,3748.720,0.300,0.204,1.864,0.090,0.212,1.168,0.148,0.852,0.146,0.580
1086,43.440,0.000,0.000,0.000,0.000,0,0,0,0.000,0.000,3,0,1.000,0,0.000,3748.720,0.300,0.204,1.236,0.450,0.068,0.072,0.132,0.868,0.105,0.580
1088,43.520,0.000,0.000,0.000,0.000,0,0,0,0.000,0.000,3,0,1.000,0,0.000,3748.720,0.300,0.204,0.352,0.586,0.243,1.130,0.108,0.892,0.074,0.580
1090,43.600,0.000,0.000,0.000,0.000,0,0,0,0.000,0.000,3,0,1.000,0,0.000,3748.720,0.300,0.204,0.154,0.290,0.190,0.420,0.045,0.955,0.090,0.580
1092,43.680,0.000,0.000,0.000,0.000,0,0,0,0.000,0.000,4,1,0.966,0,0.000,3748.720,0.300,0.204,1.105,0.343,0.589,2.323,0.107,0.893,0.210,0.750
1094,43.760,0.000,0.000,0.000,0.000,0,0,0,0.000,0.000,4,0,0.966,0,0.000,3748.720,0.300,0.204,1.587,0.504,0.783,1.739,0.100,0.900,0.210,0.580
1096,43.840,0.000,0.000,0.000,0.000,0,0,0,0.000,0.000,4,0,0.966,0,0.000,3748.720,0.300,0.204,2.964,0.164,0.825,2.444,0.120,0.880,0.269,0.580
1098,43.920,0.000,0.000,0.000,0.000,0,0,0,0.000,0.000,3,1,0.931,0,0.000,3748.720,0.300,0.204,3.366,0.307,0.780,0.298,0.133,0.867,0.169,0.750
1100,44.000,0.000,0.000,0.000,0.000,0,0,0,0.000,0.000,3,0,0.931,0,0.000,3748.720,0.300,0.204,3.830,0.490,0.629,1.660,0.103,0.897,0.167,0.580
1102,44.080,0.000,0.000,0.000,0.000,0,0,0,0.000,0.000,3,0,0.931,0,0.000,3748.720,0.300,0.204,3.880,0.628,0.491,0.073,0.078,0.922,0.159,0.580
1104,44.160,0.000,0.000,0.000,0.000,0,0,0,0.000,0.000,3,0,0.931,0,0.000,3748.720,0.300,0.204,2.823,0.505,0.335,0.299,0.084,0.916,0.141,0.580
1106,44.240,0.000,0.000,0.000,0.000,0,0,0,0.000,0.000,3,0,0.931,0,0.000,3748.720,0.300,0.204,2.334,0.576,0.142,0.324,0.090,0.910,0.124,0.580
1108,44.320,0.000,0.000,0.000,0.000,0,0,0,0.000,0.000,3,0,0.931,0,0.000,3748.720,0.300,0.204,2.197,0.797,0.046,0.567,0.108,0.892,0.105,0.580
1110,44.400,0.000,0.000,0.000,0.000,0,0,0,0.000,0.000,3,0,0.931,0,0.000,3748.720,0.300,0.204,1.962,0.753,0.216,0.042,0.088,0.912,0.102,0.580
1112,44.480,0.000,0.000,0.000,0.000,0,0,0,0.000,0.000,3,0,0.931,0,0.000,3748.720,0.300,0.204,1.132,0.576,0.392,3.102,0.058,0.942,0.094,0.580
1114,44.560,0.000,0.000,0.000,0.000,0,0,0,0.000,0.000,3,0,0.931,0,0.000,3748.720,0.300,0.204,1.938,0.460,0.449,0.343,0.090,0.910,0.122,0.580
1116,44.640,0.000,0.000,0.000,0.000,0,0,0,0.000,0.000,3,0,0.931,0,0.000,3748.720,0.300,0.204,0.895,0.731,0.372,2.826,0.060,0.940,0.077,0.580
1118,44.720,0.000,0.000,0.000,0.000,0,0,0,0.000,0.000,3,0,0.931,0,0.000,3748.720,0.300,0.204,1.832,0.713,0.258,0.079,0.108,0.892,0.102,0.580
1120,44.800,0.000,0.000,0.000,0.000,0,0,0,0.000,0.000,3,0,0.931,0,0.000,3748.720,0.267,0.204,1.719,0.656,0.017,0.677,0.103,0.897,0.099,0.580
1122,44.880,0.000,0.000,0.000,0.000,0,0,0,0.000,0.000,3,0,0.931,0,0.000,3748.720,0.267,0.204,1.686,0.310,0.294,1.880,0.127,0.873,0.122,0.580
1124,44.960,0.000,0.000,0.000,0.000,0,0,0,0.000,0.000,3,0,0.931,0,0.000,3748.720,0.267,0.204,1.532,0.761,0.388,2.507,0.118,0.882,0.087,0.580
1126,45.040,0.000,0.000,0.000,0.000,0,0,0,0.000,0.000,3,0,0.931,0,0.000,3748.720,0.233,0.204,3.071,0.684,0.379,0.071,0.155,0.845,0.127,0.580
1128,45.120,0.000,0.000,0.000,0.000,0,0,0,0.000,0.000,3,0,0.931,0,0.000,3748.720,0.200,0.204,1.904,0.373,0.298,0.121,0.170,0.830,0.115,0.580
1130,45.200,0.000,0.000,0.000,0.000,0,0,0,0.000,0.000,3,0,0.931,0,0.000,3748.720,0.167,0.204,1.005,0.814,0.118,0.467,0.080,0.920,0.058,0.580
1132,45.280,0.000,0.000,0.000,0.000,0,0,0,0.000,0.000,3,0,0.931,0,0.000,3748.720,0.133,0.204,1.416,0.530,0.136,2.116,0.175,0.825,0.084,0.580
1134,45.360,0.000,0.000,0.000,0.000,0,0,0,0.000,0.000,3,0,0.931,0,0.000,3748.720,0.100,0.204,1.516,0.870,0.360,1.077,0.179,0.821,0.059,0.580
1136,45.440,0.000,0.000,0.000,0.000,0,0,0,0.000,0.000,3,0,0.931,0,0.000,3748.720,0.067,0.204,1.240,0.468,0.540,0.531,0.119,0.881,0.076,0.580
1138,45.520,0.000,0.000,0.000,0.000,0,0,0,0.000,0.000,3,0,0.931,0,0.000,3748.720,0.033,0.204,5.839,0.635,0.606,1.048,0.149,0.851,0.175,0.580
1140,45.600,0.000,0.000,0.000,0.000,0,0,0,0.000,0.000,3,0,0.931,0,0.000,3748.720,0.000,0.204,4.783,0.437,0.349,0.784,0.342,0.658,0.159,0.580
1142,45.680,0.000,0.000,0.000,0.000,0,0,0,0.000,0.000,3,0,0.931,0,0.000,3748.720,0.000,0.204,3.397,0.699,0.062,1.401,0.397,0.603,0.106,0.647
1144,45.760,0.000,0.000,0.000,0.000,0,0,0,0.000,0.000,3,0,0.931,0,0.000,3748.720,0.000,0.204,3.329,0.836,0.177,0.306,0.360,0.640,0.095,0.610
1146,45.840,0.000,0.000,0.000,0.000,0,0,0,0.000,0.000,4,1,0.897,0,0.000,3748.720,0.000,0.204,2.799,0.225,0.256,0.173,0.232,0.768,0.224,0.750
1148,45.920,0.000,0.000,0.000,0.000,0,0,0,0.000,0.000,4,0,0.897,0,0.000,3748.720,0.000,0.204,2.299,0.346,0.382,0.334,0.164,0.836,0.203,0.580
1150,46.000,0.000,0.000,0.000,0.000,0,0,0,0.000,0.000,4,0,0.931,0,0.000,3748.720,0.000,0.204,2.306,0.369,0.351,0.384,0.243,0.757,0.202,0.580
1152,46.080,0.000,0.000,0.000,0.000,0,0,0,0.000,0.000,4,0,0.931,0,0.000,3748.720,0.000,0.204,2.435,0.421,0.330,0.228,0.187,0.813,0.201,0.580
1154,46.160,0.000,0.000,0.000,0.000,0,0,0,0.000,0.000,4,0,0.931,0,0.000,3748.720,0.000,0.204,2.829,0.707,0.356,0.141,0.119,0.881,0.191,0.580
1156,46.240,0.000,0.000,0.000,0.000,0,0,0,0.000,0.000,4,0,0.966,0,0.000,3748.720,0.000,0.204,3.276,0.203,0.457,0.736,0.190,0.810,0.238,0.580
1158,46.320,0.000,0.000,0.000,0.000,0,0,0,0.000,0.000,4,0,0.966,0,0.000,3748.720,0.000,0.204,1.766,0.081,0.461,0.019,0.121,0.879,0.208,0.580
1160,46.400,0.000,0.000,0.000,0.000,0,0,0,0.000,0.000,4,0,0.966,0,0.000,3748.720,0.000,0.204,1.200,0.208,0.590,0.013,0.178,0.822,0.185,0.580
1162,46.480,0.000,0.000,0.000,0.000,0,0,0,0.000,0.000,4,0,0.966,0,0.000,3748.720,0.000,0.204,1.088,0.882,0.910,1.543,0.275,0.725,0.135,0.580
1164,46.560,0.000,0.000,0.000,0.000,0,0,0,0.000,0.000,4,0,0.966,0,0.000,3748.720,0.000,0.204,1.300,0.850,1.422,2.814,0.298,0.702,0.143,0.700
1166,46.640,0.000,0.000,0.000,0.000,0,0,0,0.000,0.000,4,0,0.966,0,0.000,3748.720,0.000,0.204,0.666,0.519,1.715,2.747,0.107,0.893,0.150,0.700
1168,46.720,0.000,0.000,0.000,0.000,0,0,0,0.000,0.000,4,0,0.966,0,0.000,3748.720,0.000,0.204,0.645,0.586,1.818,0.798,0.116,0.884,0.145,0.700
1170,46.800,0.000,0.000,0.000,0.000,0,0,0,0.000,0.000,4,0,0.966,0,0.000,3748.720,0.000,0.204,1.081,0.901,0.311,0.047,0.228,0.772,0.134,0.580
1172,46.880,0.000,0.000,0.000,0.000,0,0,0,0.000,0.000,4,0,0.966,0,0.000,3748.720,0.000,0.204,2.288,0.913,0.053,3.069,0.394,0.606,0.163,0.644
1174,46.960,0.000,0.000,0.000,0.000,0,0,0,0.000,0.000,4,0,0.966,0,0.000,3748.720,0.000,0.204,1.544,0.964,0.216,2.862,0.348,0.652,0.141,0.580
1176,47.040,0.000,0.000,0.000,0.000,0,0,0,0.000,0.000,4,0,0.966,0,0.000,3748.720,0.000,0.204,0.851,0.486,0.364,1.934,0.202,0.798,0.157,0.580
1178,47.120,0.000,0.000,0.000,0.000,0,0,0,0.000,0.000,4,0,0.966,0,0.000,3748.720,0.000,0.204,0.505,0.296,0.569,0.564,0.109,0.891,0.162,0.580
1180,47.200,0.000,0.000,0.000,0.000,0,0,0,0.000,0.000,4,0,0.966,0,0.000,3748.720,0.000,0.204,0.477,0.523,0.685,2.430,0.061,0.939,0.145,0.580
1182,47.280,0.000,0.000,0.000,0.000,0,0,0,0.000,0.000,5,1,0.931,0,0.000,3748.720,0.000,0.204,0.485,0.603,0.815,1.773,0.091,0.909,0.140,0.750
1184,47.360,0.000,0.000,0.000,0.000,0,0,0,0.000,0.000,5,0,0.931,0,0.000,3748.720,0.000,0.204,0.360,0.699,0.965,1.986,0.092,0.908,0.130,0.580
1186,47.440,0.000,0.000,0.000,0.000,0,0,0,0.000,0.000,5,0,0.931,0,0.000,3748.720,0.000,0.204,1.553,0.239,1.185,0.933,0.194,0.806,0.192,0.580
1188,47.520,0.000,0.000,0.000,0.000,0,0,0,0.000,0.000,4,1,0.897,0,0.000,3748.720,0.000,0.204,3.026,0.663,1.281,0.151,0.204,0.796,0.199,0.750
1190,47.600,0.000,0.000,0.000,0.000,0,0,0,0.000,0.000,4,0,0.897,0,0.000,3748.720,0.000,0.204,0.697,0.549,1.202,0.031,0.173,0.827,0.149,0.580
1192,47.680,0.000,0.000,0.000,0.000,0,0,0,0.000,0.000,4,0,0.897,0,0.000,3748.720,0.000,0.204,0.925,0.522,1.255,1.913,0.194,0.806,0.157,0.580
1194,47.760,0.000,0.000,0.000,0.000,0,0,0,0.000,0.000,5,1,0.862,0,0.000,3748.720,0.000,0.204,0.934,0.437,1.222,1.246,0.179,0.821,0.163,0.750
1196,47.840,0.000,0.000,0.000,0.000,0,0,0,0.000,0.000,5,0,0.862,0,0.000,3748.720,0.000,0.204,1.132,0.896,1.217,2.759,0.308,0.692,0.136,0.580
1198,47.920,0.000,0.000,0.000,0.000,0,0,0,0.000,0.000,5,0,0.862,0,0.000,3748.720,0.000,0.204,0.956,0.376,1.122,0.448,0.225,0.775,0.168,0.580
1200,48.000,0.000,0.000,0.000,0.000,0,0,0,0.000,0.000,4,1,0.828,0,0.000,3748.720,0.000,0.204,2.577,0.928,1.017,2.568,0.417,0.583,0.169,0.750
1202,48.080,0.000,0.000,0.000,0.000,0,0,0,0.000,0.000,4,0,0.828,0,0.000,3748.720,0.000,0.204,1.899,0.902,0.851,2.901,0.385,0.615,0.154,0.635
1204,48.160,0.000,0.000,0.000,0.000,0,0,0,0.000,0.000,4,0,0.862,0,0.000,3748.720,0.000,0.204,1.643,0.863,0.863,2.287,0.266,0.734,0.151,0.580
1206,48.240,0.000,0.000,0.000,0.000,0,0,0,0.000,0.000,4,0,0.862,0,0.000,3748.720,0.000,0.204,2.655,0.940,0.789,1.647,0.398,0.602,0.171,0.648
1208,48.320,0.000,0.000,0.000,0.000,0,0,0,0.000,0.000,4,0,0.862,0,0.000,3748.720,0.000,0.204,5.567,0.977,0.483,2.344,0.472,0.528,0.241,0.722
1210,48.400,0.000,0.000,0.000,0.000,0,0,0,0.000,0.000,4,0,0.862,0,0.000,3748.720,0.000,0.204,8.295,0.975,0.089,2.925,0.478,0.522,0.302,0.728
1212,48.480,0.000,0.000,0.000,0.000,0,0,0,0.000,0.000,4,0,0.862,0,0.000,3748.720,0.000,0.204,5.745,0.990,0.844,2.962,0.443,0.557,0.244,0.693
1214,48.560,0.000,0.000,0.000,0.000,0,0,0,0.000,0.000,4,0,0.862,0,0.000,3748.720,0.000,0.204,2.200,0.961,1.425,2.935,0.395,0.605,0.158,0.700
1216,48.640,0.000,0.000,0.000,0.000,0,0,0,0.000,0.000,4,0,0.862,0,0.000,3748.720,0.000,0.204,1.121,0.951,1.928,2.965,0.289,0.711,0.131,0.700
1218,48.720,0.000,0.000,0.000,0.000,0,0,0,0.000,0.000,4,0,0.862,0,0.000,3748.720,0.000,0.204,1.595,0.900,2.899,2.838,0.342,0.658,0.147,0.700
1220,48.800,0.000,0.000,0.000,0.000,0,0,0,0.000,0.000,4,0,0.862,0,0.000,3748.720,0.000,0.204,1.145,0.732,1.945,3.093,0.176,0.824,0.147,0.700
1222,48.880,0.000,0.000,0.000,0.000,0,0,0,0.000,0.000,4,0,0.862,0,0.000,3748.720,0.000,0.204,1.498,0.938,2.011,0.323,0.389,0.611,0.142,0.700
1224,48.960,0.000,0.000,0.000,0.000,0,0,0,0.000,0.000,5,1,0.828,0,0.000,3748.720,0.000,0.204,3.161,0.844,2.075,0.457,0.421,0.579,0.190,0.750
1226,49.040,0.000,0.000,0.000,0.000,0,0,0,0.000,0.000,5,0,0.828,0,0.000,3748.720,0.000,0.204,1.748,0.959,2.317,1.000,0.364,0.636,0.147,0.700
1228,49.120,0.000,0.000,0.000,0.000,0,0,0,0.000,0.000,5,0,0.828,0,0.000,3748.720,0.000,0.204,0.993,0.533,2.357,1.323,0.212,0.788,0.158,0.700
1230,49.200,0.000,0.000,0.000,0.000,0,0,0,0.000,0.000,5,0,0.828,0,0.000,3748.720,0.000,0.204,1.958,0.935,2.361,1.832,0.368,0.632,0.153,0.700
1232,49.280,0.000,0.000,0.000,0.000,0,0,0,0.000,0.000,5,0,0.828,0,0.000,3748.720,0.000,0.204,1.916,0.698,1.924,3.101,0.246,0.754,0.169,0.700
1234,49.360,0.000,0.000,0.000,0.000,0,0,0,0.000,0.000,5,0,0.828,0,0.000,3748.720,0.000,0.204,2.487,0.677,2.033,1.487,0.313,0.687,0.185,0.700
1236,49.440,0.000,0.000,0.000,0.000,0,0,0,0.000,0.000,3,1,0.793,0,0.000,3748.720,0.000,0.204,2.387,0.133,2.089,0.777,0.180,0.820,0.120,0.750
1238,49.520,0.000,0.000,0.000,0.000,0,0,0,0.000,0.000,3,0,0.793,0,0.000,3748.720,0.000,0.204,4.147,0.528,1.742,1.603,0.194,0.806,0.137,0.700
1240,49.600,0.000,0.000,0.000,0.000,0,0,0,0.000,0.000,3,0,0.828,0,0.000,3748.720,0.000,0.204,2.649,0.706,0.781,1.590,0.114,0.886,0.087,0.580
1242,49.680,0.000,0.000,0.000,0.000,0,0,0,0.000,0.000,3,0,0.828,0,0.000,3748.720,0.000,0.204,2.106,0.645,0.066,0.193,0.167,0.833,0.078,0.580
1244,49.760,0.000,0.000,0.000,0.000,0,0,0,0.000,0.000,3,0,0.828,0,0.000,3748.720,0.000,0.204,2.545,0.723,0.207,0.319,0.182,0.818,0.083,0.580
1246,49.840,0.000,0.000,0.000,0.000,0,0,0,0.000,0.000,3,0,0.862,0,0.000,3748.720,0.000,0.204,1.072,0.384,0.261,1.049,0.119,0.881,0.070,0.580
1248,49.920,0.000,0.000,0.000,0.000,0,0,0,0.000,0.000,3,0,0.862,0,0.000,3748.720,0.000,0.204,1.055,0.513,0.247,1.641,0.095,0.905,0.060,0.580
1250,50.000,0.000,0.000,0.000,0.000,0,0,0,0.000,0.000,3,0,0.862,0,0.000,3748.720,0.000,0.204,1.452,0.561,0.219,0.762,0.122,0.878,0.067,0.580
1252,50.080,0.000,0.000,0.000,0.000,0,0,0,0.000,0.000,3,0,0.897,0,0.000,3748.720,0.000,0.204,1.919,0.555,0.225,0.662,0.151,0.849,0.079,0.580
1254,50.160,0.000,0.000,0.000,0.000,0,0,0,0.000,0.000,3,0,0.897,0,0.000,3748.720,0.000,0.204,1.110,0.244,0.233,1.375,0.141,0.859,0.081,0.580
1256,50.240,0.000,0.000,0.000,0.000,0,0,0,0.000,0.000,3,0,0.897,0,0.000,3748.720,0.000,0.204,1.523,0.776,0.376,0.142,0.092,0.908,0.054,0.580
1258,50.320,0.000,0.000,0.000,0.000,0,0,0,0.000,0.000,3,0,0.931,0,0.000,3748.720,0.000,0.204,1.569,0.755,0.408,0.844,0.128,0.872,0.056,0.580
1260,50.400,0.000,0.000,0.000,0.000,0,0,0,0.000,0.000,3,0,0.931,0,0.000,3748.720,0.000,0.204,2.664,0.470,0.391,1.015,0.127,0.873,0.104,0.580
1262,50.480,0.000,0.000,0.000,0.000,0,0,0,0.000,0.000,3,0,0.931,0,0.000,3748.720,0.000,0.204,1.682,0.523,0.346,0.304,0.093,0.907,0.075,0.580
1264,50.560,0.000,0.000,0.000,0.000,0,0,0,0.000,0.000,3,0,0.931,0,0.000,3748.720,0.000,0.204,1.222,0.703,0.354,2.184,0.089,0.911,0.051,0.580
1266,50.640,0.000,0.000,0.000,0.000,0,0,0,0.000,0.000,3,0,0.931,0,0.000,3748.720,0.000,0.204,1.149,0.843,0.427,1.287,0.097,0.903,0.040,0.580
1268,50.720,0.000,0.000,0.000,0.000,0,0,0,0.000,0.000,3,0,0.931,0,0.000,3748.720,0.000,0.204,0.980,0.938,0.458,0.073,0.113,0.887,0.029,0.580
1270,50.800,0.000,0.000,0.000,0.000,0,0,0,0.000,0.000,3,0,0.931,0,0.000,3748.720,0.000,0.204,1.273,0.927,0.542,1.975,0.092,0.908,0.037,0.580
1272,50.880,0.000,0.000,0.000,0.000,0,0,0,0.000,0.000,3,0,0.931,0,0.000,3748.720,0.000,0.204,2.552,0.898,0.624,0.495,0.111,0.889,0.071,0.580
1274,50.960,0.000,0.000,0.000,0.000,0,0,0,0.000,0.000,3,0,0.931,0,0.000,3748.720,0.000,0.204,3.307,0.698,0.607,0.691,0.128,0.872,0.104,0.580
1276,51.040,0.000,0.000,0.000,0.000,0,0,0,0.000,0.000,3,0,0.931,0,0.000,3748.720,0.000,0.204,3.897,0.365,0.567,0.347,0.152,0.848,0.142,0.580
1278,51.120,0.000,0.000,0.000,0.000,0,0,0,0.000,0.000,3,0,0.931,0,0.000,3748.720,0.000,0.204,4.341,0.409,0.330,0.787,0.199,0.801,0.150,0.580
1280,51.200,0.000,0.000,0.000,0.000,0,0,0,0.000,0.000,3,0,0.931,0,0.000,3748.720,0.000,0.204,3.988,0.119,0.018,0.791,0.212,0.788,0.161,0.580
1282,51.280,0.000,0.000,0.000,0.000,0,0,0,0.000,0.000,3,0,0.966,0,0.000,3748.720,0.000,0.204,3.472,0.234,0.161,0.157,0.198,0.802,0.140,0.580
1284,51.360,0.000,0.000,0.000,0.000,0,0,0,0.000,0.000,3,0,0.966,0,0.000,3748.720,0.000,0.204,1.788,0.473,0.255,0.014,0.107,0.893,0.082,0.580
1286,51.440,0.000,0.000,0.000,0.000,0,0,0,0.000,0.000,3,0,0.966,0,0.000,3748.720,0.000,0.204,0.379,0.450,0.487,0.012,0.057,0.943,0.048,0.580
1288,51.520,0.000,0.000,0.000,0.000,0,0,0,0.000,0.000,3,0,0.966,0,0.000,3748.720,0.000,0.204,0.122,0.417,0.408,2.153,0.042,0.958,0.044,0.580
1290,51.600,0.000,0.000,0.000,0.000,0,0,0,0.000,0.000,2,1,0.931,0,0.000,3748.720,0.000,0.204,0.112,0.326,0.251,2.690,0.038,0.962,0.050,0.750
1292,51.680,0.000,0.000,0.000,0.000,0,0,0,0.000,0.000,2,0,0.931,0,0.000,3748.720,0.000,0.204,0.198,0.679,0.028,2.780,0.072,0.928,0.027,0.580
1294,51.760,0.000,0.000,0.000,0.000,0,0,0,0.000,0.000,2,0,0.966,0,0.000,3748.720,0.000,0.204,0.312,0.879,0.133,2.974,0.079,0.921,0.016,0.580
