frame_idx,timestamp,hand_velocity_left,hand_velocity_right,hand_acceleration_left,hand_acceleration_right,hands_present,grip_state_left,grip_state_right,hand_distance,trajectory_curvature,num_tools,tool_changed,tool_stability,num_interactions,contact_point_shift,contact_point_variance,interaction_density,interaction_rhythm,flow_magnitude,flow_uniformity,flow_discontinuity,direction_change,scene_change_score,visual_stability,activity_level,transition_score
0,0.000,0.000,0.000,0.000,0.000,0,0,0,0.000,0.000,3,0,1.000,0,0.000,0.000,0.000,0.000,0.000,1.000,0.000,0.000,0.000,1.000,0.100,0.000
2,0.080,0.000,0.000,0.000,0.000,0,0,0,0.000,0.000,4,1,0.000,0,0.000,0.000,0.000,0.000,0.301,0.425,0.000,0.044,0.063,0.937,0.148,0.750
4,0.160,0.000,0.000,0.000,0.000,0,0,0,0.000,0.000,4,0,0.500,0,0.000,0.000,0.000,0.000,1.871,0.498,0.000,1.718,0.051,0.949,0.182,0.550
6,0.240,0.000,0.000,0.000,0.000,0,0,0,0.000,0.000,4,0,0.667,0,0.000,0.000,0.000,0.000,0.590,0.542,0.000,2.630,0.038,0.962,0.147,0.550
8,0.320,0.000,0.000,0.000,0.000,0,0,0,0.000,0.000,4,0,0.750,0,0.000,0.000,0.000,0.000,2.567,0.812,0.000,0.315,0.045,0.955,0.177,0.000
10,0.400,0.000,0.000,0.000,0.000,0,0,0,0.000,0.000,5,1,0.600,0,0.000,0.000,0.000,0.000,2.752,0.753,0.000,0.031,0.047,0.953,0.186,0.750
12,0.480,0.000,0.000,0.000,0.000,0,0,0,0.000,0.000,5,0,0.667,0,0.000,0.000,0.000,0.000,0.369,0.617,0.000,0.825,0.028,0.972,0.136,0.000
14,0.560,0.000,0.000,0.000,0.000,0,0,0,0.000,0.000,4,1,0.571,0,0.000,0.000,0.000,0.000,0.354,0.939,0.000,1.411,0.023,0.977,0.113,0.750
16,0.640,0.000,0.000,0.000,0.000,0,0,0,0.000,0.000,4,0,0.625,0,0.000,0.000,0.000,0.000,0.478,0.824,0.000,0.078,0.047,0.953,0.124,0.000
18,0.720,0.000,0.000,0.000,0.000,0,0,0,0.000,0.000,4,0,0.667,0,0.000,0.000,0.000,0.000,0.370,0.725,0.000,0.795,0.033,0.967,0.128,0.000
20,0.800,0.000,0.000,0.000,0.000,0,0,0,0.000,0.000,3,1,0.600,0,0.000,0.000,0.000,0.000,0.128,0.979,0.000,1.958,0.017,0.983,0.105,0.750
22,0.880,0.000,0.000,0.000,0.000,0,0,0,0.000,0.000,3,0,0.636,0,0.000,0.000,0.000,0.000,0.227,0.922,0.000,2.932,0.049,0.951,0.111,0.550
24,0.960,0.000,0.000,0.000,0.000,0,0,0,0.000,0.000,3,0,0.667,0,0.000,0.000,0.000,0.000,0.243,0.931,0.000,0.505,0.035,0.965,0.111,0.000
26,1.040,0.000,0.000,0.000,0.000,0,0,0,0.000,0.000,3,0,0.692,0,0.000,0.000,0.000,0.000,0.183,0.646,0.000,1.173,0.042,0.958,0.129,0.000
28,1.120,0.000,0.000,0.000,0.000,0,0,0,0.000,0.000,3,0,0.714,0,0.000,0.000,0.000,0.000,0.101,0.844,0.000,1.989,0.019,0.981,0.113,0.550
30,1.200,0.000,0.000,0.000,0.000,0,0,0,0.000,0.000,3,0,0.733,0,0.000,0.000,0.000,0.000,0.166,0.909,0.000,2.471,0.026,0.974,0.111,0.550
32,1.280,0.000,0.000,0.000,0.000,0,0,0,0.000,0.000,3,0,0.750,0,0.000,0.000,0.000,0.000,0.135,0.842,0.000,0.207,0.027,0.973,0.114,0.000
34,1.360,0.000,0.000,0.000,0.000,0,0,0,0.000,0.000,3,0,0.765,0,0.000,0.000,0.000,0.000,0.158,0.668,0.000,2.293,0.035,0.965,0.127,0.550
36,1.440,0.000,0.000,0.000,0.000,0,0,0,0.000,0.000,4,1,0.722,0,0.000,0.000,0.000,0.000,0.373,0.881,0.000,2.746,0.033,0.967,0.118,0.750
38,1.520,0.000,0.000,0.000,0.000,0,0,0,0.000,0.000,4,0,0.737,0,0.000,0.000,0.000,0.000,3.678,0.719,0.000,0.139,0.099,0.901,0.212,0.000
40,1.600,0.000,0.000,0.000,0.000,0,0,0,0.000,0.000,4,0,0.750,0,0.000,0.000,0.000,0.000,5.285,0.443,0.000,0.858,0.100,0.900,0.271,0.000
42,1.680,0.000,0.000,0.000,0.000,0,0,0,0.000,0.000,4,0,0.762,0,0.000,0.000,0.000,0.000,4.806,0.454,0.000,0.130,0.102,0.898,0.258,0.000
44,1.760,0.000,0.000,0.000,0.000,0,0,0,0.000,0.000,4,0,0.773,0,0.000,0.000,0.000,0.000,2.891,0.779,0.000,1.517,0.053,0.947,0.188,0.550
46,1.840,0.000,0.000,0.000,0.000,0,0,0,0.000,0.000,4,0,0.783,0,0.000,0.000,0.000,0.000,1.637,0.466,0.000,0.317,0.061,0.939,0.178,0.000
48,1.920,0.000,0.000,0.000,0.000,0,0,0,0.000,0.000,4,0,0.792,0,0.000,0.000,0.000,0.000,1.763,0.648,0.000,1.410,0.056,0.944,0.169,0.550
50,2.000,0.000,0.000,0.000,0.000,0,0,0,0.000,0.000,5,1,0.760,0,0.000,0.000,0.000,0.000,2.247,0.792,0.000,0.377,0.066,0.934,0.171,0.750
52,2.080,0.000,0.000,0.000,0.000,0,0,0,0.000,0.000,5,0,0.769,0,0.000,0.000,0.000,0.000,1.431,0.769,0.000,0.026,0.068,0.932,0.152,0.000
54,2.160,0.000,0.000,0.000,0.000,0,0,0,0.000,0.000,5,0,0.778,0,0.000,0.000,0.000,0.000,1.410,0.923,0.000,0.525,0.047,0.953,0.141,0.000
56,2.240,0.000,0.000,0.000,0.000,0,0,0,0.000,0.000,5,0,0.786,0,0.000,0.000,0.000,0.000,1.190,0.945,0.000,0.020,0.036,0.964,0.134,0.000
58,2.320,0.000,0.000,0.000,0.000,0,0,0,0.000,0.000,5,0,0.793,0,0.000,0.000,0.000,0.000,0.965,0.943,0.000,0.193,0.046,0.954,0.128,0.000
60,2.400,0.000,0.000,0.000,0.000,0,0,0,0.000,0.000,4,0,0.828,0,0.000,0.000,0.000,0.000,1.236,0.951,0.000,0.022,0.047,0.953,0.134,0.000
62,2.480,0.000,0.000,0.000,0.000,0,0,0,0.000,0.000,3,1,0.793,0,0.000,0.000,0.000,0.000,0.366,0.570,1.422,0.343,0.038,0.962,0.139,0.750
64,2.560,0.000,0.000,0.000,0.000,0,0,0,0.000,0.000,4,1,0.759,0,0.000,0.000,0.000,0.000,0.466,0.718,1.442,0.706,0.043,0.957,0.131,0.750
66,2.640,0.000,0.000,0.000,0.000,0,0,0,0.000,0.000,3,1,0.724,0,0.000,0.000,0.000,0.000,0.331,0.758,1.692,0.002,0.034,0.966,0.125,0.750
68,2.720,0.000,0.000,0.000,0.000,0,0,0,0.000,0.000,4,1,0.724,0,0.000,0.000,0.000,0.000,0.289,0.897,1.703,2.108,0.031,0.969,0.114,0.750
70,2.800,0.000,0.000,0.000,0.000,0,0,0,0.000,0.000,5,0,0.724,0,0.000,0.000,0.000,0.000,0.372,0.890,1.077,2.578,0.038,0.962,0.117,0.550
72,2.880,0.000,0.000,0.000,0.000,0,0,0,0.000,0.000,4,1,0.724,0,0.000,0.000,0.000,0.000,0.213,0.366,0.415,1.639,0.031,0.969,0.150,0.750
74,2.960,0.000,0.000,0.000,0.000,0,0,0,0.000,0.000,4,0,0.724,0,0.000,0.000,0.000,0.000,0.166,0.297,0.005,2.083,0.028,0.972,0.153,0.550
76,3.040,0.000,0.000,0.000,0.000,0,0,0,0.000,0.000,4,0,0.724,0,0.000,0.000,0.000,0.000,0.232,0.887,0.190,0.317,0.044,0.956,0.114,0.000
78,3.120,0.000,0.000,0.000,0.000,0,0,0,0.000,0.000,4,0,0.759,0,0.000,0.000,0.000,0.000,0.149,0.839,0.286,1.993,0.025,0.975,0.115,0.550
80,3.200,0.000,0.000,0.000,0.000,0,0,0,0.000,0.000,4,0,0.759,0,0.000,0.000,0.000,0.000,0.165,0.080,0.401,0.727,0.035,0.965,0.169,0.480
82,3.280,0.000,0.000,0.000,0.000,0,0,0,0.000,0.000,4,0,0.759,0,0.000,0.000,0.000,0.000,0.235,0.827,0.567,1.795,0.041,0.959,0.118,0.550
84,3.360,0.000,0.000,0.000,0.000,0,0,0,0.000,0.000,4,0,0.759,0,0.000,0.000,0.000,0.000,0.247,0.921,0.673,2.595,0.039,0.961,0.112,0.550
86,3.440,0.000,0.000,0.000,0.000,0,0,0,0.000,0.000,4,0,0.759,0,0.000,0.000,0.000,0.000,0.194,0.293,0.782,0.072,0.032,0.968,0.154,0.480
88,3.520,0.000,0.000,0.000,0.000,0,0,0,0.000,0.000,4,0,0.759,0,0.000,0.000,0.000,0.000,0.179,0.809,0.885,0.277,0.028,0.972,0.118,0.000
90,3.600,0.000,0.000,0.000,0.000,0,0,0,0.000,0.000,4,0,0.759,0,0.000,0.000,0.000,0.000,0.220,0.764,0.981,0.538,0.043,0.957,0.122,0.000
92,3.680,0.000,0.000,0.000,0.000,0,0,0,0.000,0.000,4,0,0.759,0,0.000,0.000,0.000,0.000,0.122,0.123,1.108,0.710,0.026,0.974,0.164,0.480
94,3.760,0.000,0.000,0.000,0.000,0,0,0,0.000,0.000,4,0,0.793,0,0.000,0.000,0.000,0.000,0.149,0.925,1.142,0.675,0.025,0.975,0.109,0.000
96,3.840,0.000,0.000,0.000,0.000,0,0,0,0.000,0.000,4,0,0.793,0,0.000,0.000,0.000,0.000,0.092,0.825,1.187,0.761,0.018,0.982,0.115,0.000
98,3.920,0.000,0.000,0.000,0.000,0,0,0,0.000,0.000,4,0,0.793,0,0.000,0.000,0.000,0.000,0.141,0.198,1.193,3.108,0.025,0.975,0.160,0.550
100,4.000,0.000,0.000,0.000,0.000,0,0,0,0.000,0.000,6,1,0.759,0,0.000,0.000,0.000,0.000,0.427,0.925,1.061,0.888,0.055,0.945,0.116,0.750
102,4.080,0.000,0.000,0.000,0.000,0,0,0,0.000,0.000,5,1,0.724,0,0.000,0.000,0.000,0.000,0.363,0.877,1.057,2.985,0.062,0.938,0.118,0.750
104,4.160,0.000,0.000,0.000,0.000,0,0,0,0.000,0.000,5,0,0.724,0,0.000,0.000,0.000,0.000,0.317,0.855,1.181,0.122,0.053,0.947,0.118,0.000
106,4.240,0.000,0.000,0.000,0.000,0,0,0,0.000,0.000,5,0,0.724,0,0.000,0.000,0.000,0.000,0.219,0.799,1.117,0.349,0.037,0.963,0.120,0.000
108,4.320,0.000,0.000,0.000,0.000,0,0,0,0.000,0.000,5,0,0.759,0,0.000,0.000,0.000,0.000,0.339,0.947,0.983,0.009,0.039,0.961,0.112,0.000
110,4.400,0.000,0.000,0.000,0.000,0,0,0,0.000,0.000,3,1,0.724,0,0.000,0.000,0.000,0.000,0.171,0.661,0.832,0.897,0.033,0.967,0.128,0.750
112,4.480,0.000,0.000,0.000,0.000,0,0,0,0.000,0.000,3,0,0.724,0,0.000,0.000,0.000,0.000,0.257,0.834,0.780,1.172,0.024,0.976,0.118,0.000
114,4.560,0.000,0.000,0.000,0.000,0,0,0,0.000,0.000,3,0,0.724,0,0.000,0.000,0.000,0.000,0.344,0.836,0.678,0.023,0.036,0.964,0.120,0.000
116,4.640,0.000,0.000,0.000,0.000,0,0,0,0.000,0.000,3,0,0.724,0,0.000,0.000,0.000,0.000,0.305,0.892,0.574,2.383,0.025,0.975,0.115,0.550
118,4.720,0.000,0.000,0.000,0.000,0,0,0,0.000,0.000,3,0,0.724,0,0.000,0.000,0.000,0.000,0.193,0.581,0.438,0.994,0.023,0.977,0.134,0.000
120,4.800,0.000,0.000,0.000,0.000,0,0,0,0.000,0.000,4,1,0.724,0,0.000,0.000,0.000,0.000,0.333,0.915,0.303,1.837,0.043,0.957,0.114,0.750
122,4.880,0.000,0.000,0.000,0.000,0,0,0,0.000,0.000,4,0,0.759,0,0.000,0.000,0.000,0.000,0.491,0.961,0.038,0.135,0.029,0.971,0.115,0.000
124,4.960,0.000,0.000,0.000,0.000,0,0,0,0.000,0.000,5,1,0.759,0,0.000,0.000,0.000,0.000,1.939,0.543,0.419,0.037,0.052,0.948,0.180,0.750
126,5.040,0.000,0.000,0.000,0.000,0,0,0,0.000,0.000,5,0,0.793,0,0.000,0.000,0.000,0.000,3.138,0.657,2.617,1.785,0.098,0.902,0.202,0.700
128,5.120,0.000,0.000,0.000,0.000,0,0,0,0.000,0.000,5,0,0.793,0,0.000,0.000,0.000,0.000,19.317,0.155,5.880,2.094,0.690,0.310,0.359,0.800
130,5.200,0.000,0.000,0.000,0.000,0,0,0,0.000,0.000,4,1,0.793,0,0.000,0.000,0.000,0.000,0.238,0.762,26.031,2.820,0.053,0.947,0.123,0.750
132,5.280,0.000,0.000,0.000,0.000,0,0,0,0.000,0.000,4,0,0.793,0,0.000,0.000,0.000,0.000,0.286,0.599,22.113,0.764,0.066,0.934,0.135,0.700
134,5.360,0.000,0.000,0.000,0.000,0,0,0,0.000,0.000,4,0,0.793,0,0.000,0.000,0.000,0.000,0.200,0.564,19.163,0.890,0.041,0.959,0.136,0.700
136,5.440,0.000,0.000,0.000,0.000,0,0,0,0.000,0.000,4,0,0.793,0,0.000,0.000,0.000,0.000,0.374,0.682,18.214,0.615,0.057,0.943,0.132,0.700
138,5.520,0.000,0.000,0.000,0.000,0,0,0,0.000,0.000,4,0,0.793,0,0.000,0.000,0.000,0.000,0.414,0.196,18.358,3.028,0.070,0.930,0.167,0.700
140,5.600,0.000,0.000,0.000,0.000,0,0,0,0.000,0.000,4,0,0.793,0,0.000,0.000,0.000,0.000,0.755,0.468,17.653,3.094,0.102,0.898,0.156,0.700
142,5.680,0.000,0.000,0.000,0.000,0,0,0,0.000,0.000,3,1,0.759,0,0.000,0.000,0.000,0.000,0.191,0.668,18.117,0.431,0.047,0.953,0.128,0.750
144,5.760,0.000,0.000,0.000,0.000,0,0,0,0.000,0.000,3,0,0.759,0,0.000,0.000,0.000,0.000,0.314,0.328,18.001,0.761,0.100,0.900,0.155,0.700
146,5.840,0.000,0.000,0.000,0.000,0,0,0,0.000,0.000,3,0,0.759,0,0.000,0.000,0.000,0.000,0.308,0.483,17.113,2.383,0.067,0.933,0.144,0.700
148,5.920,0.000,0.000,0.000,0.000,0,0,0,0.000,0.000,3,0,0.759,0,0.000,0.000,0.000,0.000,0.260,0.514,16.908,0.504,0.059,0.941,0.141,0.700
150,6.000,0.000,0.000,0.000,0.000,0,0,0,0.000,0.000,2,1,0.724,0,0.000,0.000,0.000,0.000,0.301,0.281,17.041,0.438,0.055,0.945,0.058,0.750
152,6.080,0.000,0.000,0.000,0.000,0,0,0,0.000,0.000,2,0,0.724,0,0.000,0.000,0.000,0.000,0.130,0.569,16.571,3.042,0.024,0.976,0.033,0.700
154,6.160,0.000,0.000,0.000,0.000,0,0,0,0.000,0.000,2,0,0.724,0,0.000,0.000,0.000,0.000,0.240,0.227,14.611,3.112,0.055,0.945,0.060,0.700
156,6.240,0.000,0.000,0.000,0.000,0,0,0,0.000,0.000,2,0,0.724,0,0.000,0.000,0.000,0.000,0.370,0.325,3.218,2.773,0.107,0.893,0.057,0.700
158,6.320,0.000,0.000,0.000,0.000,0,0,0,0.000,0.000,2,0,0.759,0,0.000,0.000,0.000,0.000,0.458,0.749,1.232,2.841,0.091,0.909,0.029,0.550
160,6.400,0.000,0.000,0.000,0.000,0,0,0,0.000,0.000,2,0,0.793,0,0.000,0.000,0.000,0.000,0.467,0.279,0.329,2.857,0.123,0.877,0.062,0.550
162,6.480,0.000,0.000,0.000,0.000,0,0,0,0.000,0.000,2,0,0.793,0,0.000,0.000,0.000,0.000,0.563,0.705,0.323,2.885,0.103,0.897,0.035,0.550
164,6.560,0.000,0.000,0.000,0.000,0,0,0,0.000,0.000,2,0,0.793,0,0.000,0.000,0.000,0.000,0.247,0.748,0.317,0.686,0.079,0.921,0.024,0.000
166,6.640,0.000,0.000,0.000,0.000,0,0,0,0.000,0.000,2,0,0.793,0,0.000,0.000,0.000,0.000,0.383,0.511,0.315,2.925,0.069,0.931,0.044,0.550
168,6.720,0.000,0.000,0.000,0.000,0,0,0,0.000,0.000,2,0,0.828,0,0.000,0.000,0.000,0.000,0.133,0.226,0.317,2.522,0.035,0.965,0.057,0.550
170,6.800,0.000,0.000,0.000,0.000,0,0,0,0.000,0.000,2,0,0.828,0,0.000,0.000,0.000,0.000,0.154,0.231,0.322,0.219,0.035,0.965,0.058,0.000
172,6.880,0.000,0.000,0.000,0.000,0,0,0,0.000,0.000,2,0,0.828,0,0.000,0.000,0.000,0.000,0.681,0.907,0.340,0.292,0.083,0.917,0.024,0.000
174,6.960,0.000,0.000,0.000,0.000,0,0,0,0.000,0.000,3,1,0.793,0,0.000,0.000,0.000,0.000,0.730,0.679,0.332,0.183,0.145,0.855,0.041,0.750
176,7.040,0.000,0.000,0.000,0.000,0,0,0,0.000,0.000,3,0,0.793,0,0.000,0.000,0.000,0.000,0.629,0.749,0.326,0.011,0.057,0.943,0.033,0.000
178,7.120,0.000,0.000,0.000,0.000,0,0,0,0.000,0.000,3,0,0.828,0,0.000,0.000,0.000,0.000,0.405,0.762,0.321,0.016,0.108,0.892,0.027,0.000
180,7.200,0.000,0.000,0.000,0.000,0,0,0,0.000,0.000,4,1,0.793,0,0.000,0.000,0.000,0.000,0.542,0.481,0.320,0.352,0.073,0.927,0.150,0.750
182,7.280,0.000,0.000,0.000,0.000,0,0,0,0.000,0.000,4,0,0.828,0,0.000,0.000,0.000,0.000,0.677,0.396,0.316,2.725,0.053,0.947,0.159,0.550
184,7.360,0.000,0.000,0.000,0.000,0,0,0,0.000,0.000,3,1,0.793,0,0.000,0.000,0.000,0.000,0.602,0.374,0.303,0.051,0.072,0.928,0.159,0.750
186,7.440,0.000,0.000,0.000,0.000,0,0,0,0.000,0.000,3,0,0.793,0,0.000,0.000,0.000,0.000,0.148,0.661,0.273,0.014,0.034,0.966,0.127,0.000
188,7.520,0.000,0.000,0.000,0.000,0,0,0,0.000,0.000,3,0,0.828,0,0.000,0.000,0.000,0.000,0.188,0.397,0.237,2.656,0.038,0.962,0.147,0.550
190,7.600,0.000,0.000,0.000,0.000,0,0,0,0.000,0.000,2,1,0.793,0,0.000,0.000,0.000,0.000,0.235,0.562,0.796,0.240,0.055,0.945,0.037,0.750
192,7.680,0.000,0.000,0.000,0.000,0,0,0,0.000,0.000,2,0,0.793,0,0.000,0.000,0.000,0.000,0.165,0.362,0.572,3.083,0.034,0.966,0.049,0.550
194,7.760,0.000,0.000,0.000,0.000,0,0,0,0.000,0.000,2,0,0.793,0,0.000,0.000,0.000,0.000,0.618,0.359,0.247,2.409,0.142,0.858,0.060,0.550
196,7.840,0.000,0.000,0.000,0.000,0,0,0,0.000,0.000,3,1,0.759,0,0.000,0.000,0.000,0.000,2.680,0.323,0.393,0.628,0.143,0.857,0.114,0.750
198,7.920,0.000,0.000,0.000,0.000,0,0,0,0.000,0.000,3,0,0.759,0,0.000,0.000,0.000,0.000,3.455,0.558,1.393,0.189,0.110,0.890,0.117,0.000
200,8.000,0.000,0.000,0.000,0.000,0,0,0,0.000,0.000,3,0,0.793,0,0.000,0.000,0.000,0.000,4.393,0.866,2.798,3.068,0.176,0.824,0.119,0.700
202,8.080,0.000,0.000,0.000,0.000,0,0,0,0.000,0.000,3,0,0.793,0,0.000,0.000,0.000,0.000,2.513,0.609,6.230,0.088,0.098,0.902,0.090,0.700
204,8.160,0.000,0.000,0.000,0.000,0,0,0,0.000,0.000,3,0,0.793,0,0.000,0.000,0.000,0.000,1.267,0.125,5.675,3.071,0.121,0.879,0.093,0.700
206,8.240,0.000,0.000,0.000,0.000,0,0,0,0.000,0.000,3,0,0.793,0,0.000,0.000,0.000,0.000,0.431,0.213,4.812,2.825,0.063,0.937,0.066,0.700
208,8.320,0.000,0.000,0.000,0.000,0,0,0,0.000,0.000,3,0,0.828,0,0.000,0.000,0.000,0.000,0.419,0.524,4.358,2.495,0.055,0.945,0.044,0.700
210,8.400,0.000,0.000,0.000,0.000,0,0,0,0.000,0.000,3,0,0.828,0,0.000,0.000,0.000,0.000,0.995,0.533,4.376,2.788,0.063,0.937,0.058,0.700
212,8.480,0.000,0.000,0.000,0.000,0,0,0,0.000,0.000,3,0,0.828,0,0.000,0.000,0.000,0.000,1.679,0.756,4.410,0.016,0.066,0.934,0.059,0.700
214,8.560,0.000,0.000,0.000,0.000,0,0,0,0.000,0.000,3,0,0.828,0,0.000,0.000,0.000,0.000,4.189,0.743,4.680,0.013,0.076,0.924,0.123,0.700
216,8.640,0.000,0.000,0.000,0.000,0,0,0,0.000,0.000,3,0,0.828,0,0.000,0.000,0.000,0.000,4.012,0.742,5.983,0.002,0.105,0.895,0.118,0.700
218,8.720,0.000,0.000,0.000,0.000,0,0,0,0.000,0.000,3,0,0.828,0,0.000,0.000,0.000,0.000,4.474,0.571,6.881,0.004,0.135,0.865,0.142,0.700
220,8.800,0.000,0.000,0.000,0.000,0,0,0,0.000,0.000,5,1,0.793,0,0.000,0.000,0.000,0.000,6.450,0.580,7.980,0.006,0.147,0.853,0.291,0.750
222,8.880,0.000,0.000,0.000,0.000,0,0,0,0.000,0.000,5,0,0.793,0,0.000,0.000,0.000,0.000,7.688,0.793,9.773,0.001,0.145,0.855,0.307,0.700
224,8.960,0.000,0.000,0.000,0.000,0,0,0,0.000,0.000,5,0,0.793,0,0.000,0.000,0.000,0.000,6.899,0.572,11.941,0.006,0.121,0.879,0.302,0.700
226,9.040,0.000,0.000,0.000,0.000,0,0,0,0.000,0.000,5,0,0.793,0,0.000,0.000,0.000,0.000,8.090,0.515,13.557,0.231,0.128,0.872,0.334,0.700
228,9.120,0.000,0.000,0.000,0.000,0,0,0,0.000,0.000,5,0,0.793,0,0.000,0.000,0.000,0.000,6.776,0.337,5.324,0.250,0.100,0.900,0.316,0.700
230,9.200,0.000,0.000,0.000,0.000,0,0,0,0.000,0.000,3,1,0.759,0,0.000,0.000,0.000,0.000,0.653,0.426,3.480,0.355,0.044,0.956,0.056,0.750
232,9.280,0.000,0.000,0.000,0.000,0,0,0,0.000,0.000,3,0,0.793,0,0.000,0.000,0.000,0.000,4.386,0.336,2.119,2.734,0.084,0.916,0.156,0.700
234,9.360,0.000,0.000,0.000,0.000,0,0,0,0.000,0.000,3,0,0.793,0,0.000,0.000,0.000,0.000,7.928,0.213,2.051,0.282,0.167,0.833,0.253,0.700
236,9.440,0.000,0.000,0.000,0.000,0,0,0,0.000,0.000,3,0,0.793,0,0.000,0.000,0.000,0.000,4.443,0.355,2.372,0.022,0.170,0.830,0.156,0.700
238,9.520,0.000,0.000,0.000,0.000,0,0,0,0.000,0.000,3,0,0.828,0,0.000,0.000,0.000,0.000,0.604,0.405,2.573,0.511,0.119,0.881,0.057,0.700
240,9.600,0.000,0.000,0.000,0.000,0,0,0,0.000,0.000,2,1,0.793,0,0.000,0.000,0.000,0.000,0.155,0.149,2.583,0.234,0.038,0.962,0.063,0.750
242,9.680,0.000,0.000,0.000,0.000,0,0,0,0.000,0.000,2,0,0.828,0,0.000,0.000,0.000,0.000,0.113,0.194,2.538,0.272,0.028,0.972,0.059,0.700
244,9.760,0.000,0.000,0.000,0.000,0,0,0,0.000,0.000,2,0,0.828,0,0.000,0.000,0.000,0.000,0.279,0.741,2.417,0.006,0.064,0.936,0.025,0.700
246,9.840,0.000,0.000,0.000,0.000,0,0,0,0.000,0.000,2,0,0.828,0,0.000,0.000,0.000,0.000,0.189,0.187,1.802,0.733,0.063,0.937,0.062,0.700
248,9.920,0.000,0.000,0.000,0.000,0,0,0,0.000,0.000,2,0,0.862,0,0.000,0.000,0.000,0.000,0.909,0.995,1.388,0.534,0.126,0.874,0.023,0.000
250,10.000,0.000,0.000,0.000,0.000,0,0,0,0.000,0.000,2,0,0.862,0,0.000,0.000,0.000,0.000,0.380,0.627,1.002,3.072,0.065,0.935,0.036,0.550
252,10.080,0.000,0.000,0.000,0.000,0,0,0,0.000,0.000,2,0,0.862,0,0.000,0.000,0.000,0.000,0.123,0.277,0.424,0.590,0.029,0.971,0.054,0.000
254,10.160,0.000,0.000,0.000,0.000,0,0,0,0.000,0.000,2,0,0.897,0,0.000,0.000,0.000,0.000,0.406,0.596,0.104,2.867,0.076,0.924,0.038,0.550
256,10.240,0.000,0.000,0.000,0.000,0,0,0,0.000,0.000,2,0,0.897,0,0.000,0.000,0.000,0.000,0.236,0.226,0.479,2.690,0.047,0.953,0.060,0.550
258,10.320,0.000,0.000,0.000,0.000,0,0,0,0.000,0.000,3,1,0.862,0,0.000,0.000,0.000,0.000,0.479,0.686,0.780,1.708,0.039,0.961,0.034,0.750
260,10.400,0.000,0.000,0.000,0.000,0,0,0,0.000,0.000,3,0,0.862,0,0.000,0.000,0.000,0.000,0.573,0.578,0.994,1.676,0.056,0.944,0.044,0.550
262,10.480,0.000,0.000,0.000,0.000,0,0,0,0.000,0.000,3,0,0.862,0,0.000,0.000,0.000,0.000,0.188,0.234,0.859,2.629,0.046,0.954,0.058,0.550
264,10.560,0.000,0.000,0.000,0.000,0,0,0,0.000,0.000,2,1,0.828,0,0.000,0.000,0.000,0.000,1.119,0.944,1.013,0.244,0.210,0.790,0.032,0.750
266,10.640,0.000,0.000,0.000,0.000,0,0,0,0.000,0.000,2,0,0.828,0,0.000,0.000,0.000,0.000,0.704,0.385,1.306,2.411,0.264,0.736,0.061,0.550
268,10.720,0.000,0.000,0.000,0.000,0,0,0,0.000,0.000,2,0,0.828,0,0.000,0.000,0.000,0.000,0.676,0.283,1.606,2.833,0.208,0.792,0.067,0.700
270,10.800,0.000,0.000,0.000,0.000,0,0,0,0.000,0.000,3,1,0.793,0,0.000,0.000,0.000,0.000,0.882,0.102,1.621,2.610,0.166,0.834,0.085,0.750
272,10.880,0.000,0.000,0.000,0.000,0,0,0,0.000,0.000,3,0,0.793,0,0.000,0.000,0.000,0.000,1.225,0.283,1.529,1.644,0.187,0.813,0.081,0.700
274,10.960,0.000,0.000,0.000,0.000,0,0,0,0.000,0.000,3,0,0.793,0,0.000,0.000,0.000,0.000,2.666,0.149,1.390,1.105,0.177,0.823,0.126,0.000
276,11.040,0.000,0.000,0.000,0.000,0,0,0,0.000,0.000,3,0,0.793,0,0.000,0.000,0.000,0.000,2.121,0.210,1.163,0.071,0.212,0.788,0.108,0.000
278,11.120,0.000,0.000,0.000,0.000,0,0,0,0.000,0.000,3,0,0.828,0,0.000,0.000,0.000,0.000,2.679,0.485,0.981,0.056,0.123,0.877,0.103,0.000
280,11.200,0.000,0.000,0.000,0.000,0,0,0,0.000,0.000,4,1,0.793,0,0.000,0.000,0.000,0.000,1.996,0.537,0.846,0.747,0.102,0.898,0.182,0.750
282,11.280,0.000,0.000,0.000,0.000,0,0,0,0.000,0.000,4,0,0.793,0,0.000,0.000,0.000,0.000,3.201,0.749,0.685,0.675,0.103,0.897,0.198,0.000
284,11.360,0.000,0.000,0.000,0.000,0,0,0,0.000,0.000,4,0,0.793,0,0.000,0.000,0.000,0.000,3.098,0.742,0.487,0.091,0.094,0.906,0.196,0.000
286,11.440,0.000,0.000,0.000,0.000,0,0,0,0.000,0.000,4,0,0.793,0,0.000,0.000,0.000,0.000,0.974,0.613,0.306,1.774,0.049,0.951,0.151,0.550
288,11.520,0.000,0.000,0.000,0.000,0,0,0,0.000,0.000,4,0,0.828,0,0.000,0.000,0.000,0.000,1.368,0.895,0.130,1.826,0.058,0.942,0.142,0.550
290,11.600,0.000,0.000,0.000,0.000,0,0,0,0.000,0.000,4,0,0.828,0,0.000,0.000,0.000,0.000,1.077,0.329,0.066,0.592,0.082,0.918,0.174,0.480
292,11.680,0.000,0.000,0.000,0.000,0,0,0,0.000,0.000,4,0,0.828,0,0.000,0.000,0.000,0.000,3.673,0.581,0.083,1.920,0.137,0.863,0.221,0.550
294,11.760,0.000,0.000,0.000,0.000,0,0,0,0.000,0.000,4,0,0.828,0,0.000,0.000,0.000,0.000,2.230,0.180,0.333,1.751,0.110,0.890,0.213,0.550
296,11.840,0.000,0.000,0.000,0.000,0,0,0,0.000,0.000,4,0,0.828,0,0.000,0.000,0.000,0.000,2.937,0.491,1.172,1.065,0.122,0.878,0.209,0.000
298,11.920,0.000,0.000,0.000,0.000,0,0,0,0.000,0.000,4,0,0.862,0,0.000,0.000,0.000,0.000,4.909,0.580,5.549,0.811,0.161,0.839,0.252,0.700
300,12.000,0.000,0.000,0.000,0.000,0,0,0,0.000,0.000,4,0,0.862,0,0.000,0.000,0.000,0.000,5.429,0.714,6.423,0.073,0.188,0.812,0.256,0.700
302,12.080,0.000,0.000,0.000,0.000,0,0,0,0.000,0.000,4,0,0.862,0,0.000,0.000,0.000,0.000,7.149,0.455,7.056,0.231,0.216,0.784,0.317,0.700
304,12.160,0.000,0.000,0.000,0.000,0,0,0,0.000,0.000,4,0,0.862,0,0.000,0.000,0.000,0.000,7.749,0.707,7.292,0.373,0.203,0.797,0.314,0.700
306,12.240,0.000,0.000,0.000,0.000,0,0,0,0.000,0.000,4,0,0.862,0,0.000,0.000,0.000,0.000,6.236,0.687,4.301,0.082,0.150,0.850,0.278,0.700
308,12.320,0.000,0.000,0.000,0.000,0,0,0,0.000,0.000,4,0,0.862,0,0.000,0.000,0.000,0.000,6.060,0.223,4.054,0.126,0.153,0.847,0.306,0.700
310,12.400,0.000,0.000,0.000,0.000,0,0,0,0.000,0.000,4,0,0.862,0,0.000,0.000,0.000,0.000,4.265,0.070,3.508,0.903,0.150,0.850,0.272,0.700
312,12.480,0.000,0.000,0.000,0.000,0,0,0,0.000,0.000,4,0,0.862,0,0.000,0.000,0.000,0.000,3.672,0.243,3.470,1.177,0.176,0.824,0.245,0.700
314,12.560,0.000,0.000,0.000,0.000,0,0,0,0.000,0.000,4,0,0.862,0,0.000,0.000,0.000,0.000,4.494,0.359,2.890,0.290,0.146,0.854,0.257,0.700
316,12.640,0.000,0.000,0.000,0.000,0,0,0,0.000,0.000,4,0,0.897,0,0.000,0.000,0.000,0.000,4.263,0.611,2.611,0.283,0.113,0.887,0.234,0.700
318,12.720,0.000,0.000,0.000,0.000,0,0,0,0.000,0.000,4,0,0.897,0,0.000,0.000,0.000,0.000,5.495,0.605,2.896,0.067,0.116,0.884,0.265,0.700
320,12.800,0.000,0.000,0.000,0.000,0,0,0,0.000,0.000,3,1,0.862,0,0.000,0.000,0.000,0.000,3.760,0.916,3.237,0.068,0.122,0.878,0.100,0.750
322,12.880,0.000,0.000,0.000,0.000,0,0,0,0.000,0.000,3,0,0.897,0,0.000,0.000,0.000,0.000,2.700,0.908,3.490,0.001,0.117,0.883,0.074,0.700
324,12.960,0.000,0.000,0.000,0.000,0,0,0,0.000,0.000,3,0,0.897,0,0.000,0.000,0.000,0.000,1.201,0.783,2.997,0.088,0.088,0.912,0.045,0.700
326,13.040,0.000,0.000,0.000,0.000,0,0,0,0.000,0.000,3,0,0.897,0,0.000,0.000,0.000,0.000,1.338,0.858,2.894,2.860,0.097,0.903,0.043,0.700
328,13.120,0.000,0.000,0.000,0.000,0,0,0,0.000,0.000,3,0,0.931,0,0.000,0.000,0.000,0.000,0.655,0.562,2.699,3.132,0.050,0.950,0.047,0.700
330,13.200,0.000,0.000,0.000,0.000,0,0,0,0.000,0.000,3,0,0.931,0,0.000,0.000,0.000,0.000,0.771,0.709,1.780,0.182,0.035,0.965,0.040,0.700
332,13.280,0.000,0.000,0.000,0.000,0,0,0,0.000,0.000,3,0,0.931,0,0.000,0.000,0.000,0.000,0.488,0.463,1.060,0.012,0.057,0.943,0.050,0.000
334,13.360,0.000,0.000,0.000,0.000,0,0,0,0.000,0.000,3,0,0.931,0,0.000,0.000,0.000,0.000,0.190,0.110,0.311,0.099,0.044,0.956,0.067,0.000
336,13.440,0.000,0.000,0.000,0.000,0,0,0,0.000,0.000,3,0,0.931,0,0.000,0.000,0.000,0.000,0.181,0.099,0.166,0.044,0.034,0.966,0.068,0.000
338,13.520,0.000,0.000,0.000,0.000,0,0,0,0.000,0.000,2,1,0.931,0,0.000,0.000,0.000,0.000,0.086,0.218,0.481,0.024,0.027,0.973,0.057,0.750
340,13.600,0.000,0.000,0.000,0.000,0,0,0,0.000,0.000,3,1,0.897,0,0.000,0.000,0.000,0.000,13.935,0.059,0.755,0.207,0.758,0.242,0.266,0.800
342,13.680,0.000,0.000,0.000,0.000,0,0,0,0.000,0.000,2,1,0.862,0,0.000,0.000,0.000,0.000,0.059,0.338,0.542,0.091,0.020,0.980,0.048,0.750
344,13.760,0.000,0.000,0.000,0.000,0,0,0,0.000,0.000,2,0,0.862,0,0.000,0.000,0.000,0.000,0.141,0.157,0.674,2.011,0.048,0.952,0.063,0.550
346,13.840,0.000,0.000,0.000,0.000,0,0,0,0.000,0.000,3,1,0.828,0,0.000,0.000,0.000,0.000,0.230,0.078,0.862,2.192,0.067,0.933,0.070,0.750
348,13.920,0.000,0.000,0.000,0.000,0,0,0,0.000,0.000,3,0,0.828,0,0.000,0.000,0.000,0.000,0.298,0.626,1.200,0.180,0.046,0.954,0.034,0.000
350,14.000,0.000,0.000,0.000,0.000,0,0,0,0.000,0.000,3,0,0.828,0,0.000,0.000,0.000,0.000,0.372,0.541,1.668,3.013,0.085,0.915,0.041,0.700
352,14.080,0.000,0.000,0.000,0.000,0,0,0,0.000,0.000,3,0,0.828,0,0.000,0.000,0.000,0.000,0.778,0.787,2.229,2.828,0.133,0.867,0.034,0.700
354,14.160,0.000,0.000,0.000,0.000,0,0,0,0.000,0.000,3,0,0.828,0,0.000,0.000,0.000,0.000,0.493,0.549,2.171,2.774,0.136,0.864,0.044,0.700
356,14.240,0.000,0.000,0.000,0.000,0,0,0,0.000,0.000,3,0,0.828,0,0.000,0.000,0.000,0.000,0.550,0.646,1.994,3.113,0.163,0.837,0.039,0.700
358,14.320,0.000,0.000,0.000,0.000,0,0,0,0.000,0.000,3,0,0.828,0,0.000,0.000,0.000,0.000,0.468,0.382,1.800,3.119,0.134,0.866,0.055,0.700
360,14.400,0.000,0.000,0.000,0.000,0,0,0,0.000,0.000,3,0,0.828,0,0.000,0.000,0.000,0.000,0.339,0.522,1.460,2.976,0.081,0.919,0.042,0.700
362,14.480,0.000,0.000,0.000,0.000,0,0,0,0.000,0.000,3,0,0.828,0,0.000,0.000,0.000,0.000,0.277,0.546,1.235,2.968,0.080,0.920,0.039,0.550
364,14.560,0.000,0.000,0.000,0.000,0,0,0,0.000,0.000,2,1,0.793,0,0.000,0.000,0.000,0.000,0.149,0.679,1.046,2.786,0.035,0.965,0.026,0.750
366,14.640,0.000,0.000,0.000,0.000,0,0,0,0.000,0.000,2,0,0.793,0,0.000,0.000,0.000,0.000,0.223,0.767,0.884,0.067,0.071,0.929,0.022,0.000
368,14.720,0.000,0.000,0.000,0.000,0,0,0,0.000,0.000,2,0,0.793,0,0.000,0.000,0.000,0.000,0.281,0.598,0.712,3.079,0.091,0.909,0.035,0.550
370,14.800,0.000,0.000,0.000,0.000,0,0,0,0.000,0.000,2,0,0.793,0,0.000,0.000,0.000,0.000,0.302,0.670,0.540,3.037,0.089,0.911,0.031,0.550
372,14.880,0.000,0.000,0.000,0.000,0,0,0,0.000,0.000,3,1,0.759,0,0.000,0.000,0.000,0.000,0.378,0.738,0.741,2.936,0.100,0.900,0.028,0.750
374,14.960,0.000,0.000,0.000,0.000,0,0,0,0.000,0.000,2,1,0.724,0,0.000,0.000,0.000,0.000,0.266,0.605,0.653,3.086,0.081,0.919,0.034,0.750
376,15.040,0.000,0.000,0.000,0.000,0,0,0,0.000,0.000,2,0,0.724,0,0.000,0.000,0.000,0.000,0.228,0.387,0.566,1.490,0.087,0.913,0.049,0.550
378,15.120,0.000,0.000,0.000,0.000,0,0,0,0.000,0.000,2,0,0.759,0,0.000,0.000,0.000,0.000,0.185,0.515,0.490,2.484,0.073,0.927,0.039,0.550
380,15.200,0.000,0.000,0.000,0.000,0,0,0,0.000,0.000,2,0,0.759,0,0.000,0.000,0.000,0.000,0.169,0.414,0.405,3.035,0.063,0.937,0.045,0.550
382,15.280,0.000,0.000,0.000,0.000,0,0,0,0.000,0.000,2,0,0.759,0,0.000,0.000,0.000,0.000,0.248,0.253,0.346,2.849,0.100,0.900,0.058,0.550
384,15.360,0.000,0.000,0.000,0.000,0,0,0,0.000,0.000,2,0,0.759,0,0.000,0.000,0.000,0.000,0.348,0.362,0.319,2.169,0.142,0.858,0.053,0.550
386,15.440,0.000,0.000,0.000,0.000,0,0,0,0.000,0.000,2,0,0.759,0,0.000,0.000,0.000,0.000,0.338,0.183,0.307,3.046,0.142,0.858,0.066,0.550
388,15.520,0.000,0.000,0.000,0.000,0,0,0,0.000,0.000,2,0,0.759,0,0.000,0.000,0.000,0.000,0.216,0.250,0.296,2.908,0.086,0.914,0.058,0.550
390,15.600,0.000,0.000,0.000,0.000,0,0,0,0.000,0.000,2,0,0.759,0,0.000,0.000,0.000,0.000,0.165,0.175,0.297,2.663,0.066,0.934,0.062,0.550
392,15.680,0.000,0.000,0.000,0.000,0,0,0,0.000,0.000,2,0,0.759,0,0.000,0.000,0.000,0.000,0.210,0.209,0.291,3.084,0.082,0.918,0.061,0.550
394,15.760,0.000,0.000,0.000,0.000,0,0,0,0.000,0.000,2,0,0.759,0,0.000,0.000,0.000,0.000,0.227,0.554,0.288,3.131,0.084,0.916,0.037,0.550
396,15.840,0.000,0.000,0.000,0.000,0,0,0,0.000,0.000,2,0,0.793,0,0.000,0.000,0.000,0.000,0.195,0.662,0.286,2.410,0.069,0.931,0.029,0.550
398,15.920,0.000,0.000,0.000,0.000,0,0,0,0.000,0.000,2,0,0.828,0,0.000,0.000,0.000,0.000,0.229,0.271,0.287,2.548,0.096,0.904,0.057,0.550
400,16.000,0.000,0.000,0.000,0.000,0,0,0,0.000,0.000,2,0,0.862,0,0.000,0.000,0.000,0.000,0.235,0.161,0.292,2.444,0.103,0.897,0.065,0.550
402,16.080,0.000,0.000,0.000,0.000,0,0,0,0.000,0.000,2,0,0.862,0,0.000,0.000,0.000,0.000,0.279,0.615,0.500,1.921,0.098,0.902,0.034,0.550
404,16.160,0.000,0.000,0.000,0.000,0,0,0,0.000,0.000,2,0,0.897,0,0.000,0.000,0.000,0.000,0.172,0.800,0.720,3.123,0.065,0.935,0.018,0.550
406,16.240,0.000,0.000,0.000,0.000,0,0,0,0.000,0.000,3,1,0.862,0,0.000,0.000,0.000,0.000,0.180,0.890,0.854,3.119,0.052,0.948,0.012,0.750
408,16.320,0.000,0.000,0.000,0.000,0,0,0,0.000,0.000,2,1,0.828,0,0.000,0.000,0.000,0.000,0.140,0.819,0.873,1.596,0.044,0.956,0.016,0.750
410,16.400,0.000,0.000,0.000,0.000,0,0,0,0.000,0.000,2,0,0.828,0,0.000,0.000,0.000,0.000,0.211,0.692,0.814,2.453,0.084,0.916,0.027,0.550
412,16.480,0.000,0.000,0.000,0.000,0,0,0,0.000,0.000,2,0,0.828,0,0.000,0.000,0.000,0.000,0.273,0.735,0.683,1.814,0.100,0.900,0.025,0.550
414,16.560,0.000,0.000,0.000,0.000,0,0,0,0.000,0.000,2,0,0.828,0,0.000,0.000,0.000,0.000,0.193,0.723,0.648,2.888,0.072,0.928,0.024,0.550
416,16.640,0.000,0.000,0.000,0.000,0,0,0,0.000,0.000,2,0,0.828,0,0.000,0.000,0.000,0.000,0.188,0.847,0.719,2.441,0.068,0.932,0.015,0.550
418,16.720,0.000,0.000,0.000,0.000,0,0,0,0.000,0.000,2,0,0.828,0,0.000,0.000,0.000,0.000,0.129,0.395,0.873,2.655,0.053,0.947,0.046,0.550
420,16.800,0.000,0.000,0.000,0.000,0,0,0,0.000,0.000,2,0,0.828,0,0.000,0.000,0.000,0.000,0.238,0.875,0.915,2.627,0.082,0.918,0.015,0.550
422,16.880,0.000,0.000,0.000,0.000,0,0,0,0.000,0.000,2,0,0.862,0,0.000,0.000,0.000,0.000,0.128,0.862,0.660,2.617,0.041,0.959,0.013,0.550
424,16.960,0.000,0.000,0.000,0.000,0,0,0,0.000,0.000,2,0,0.862,0,0.000,0.000,0.000,0.000,0.102,0.372,0.672,0.550,0.036,0.964,0.046,0.000
426,17.040,0.000,0.000,0.000,0.000,0,0,0,0.000,0.000,2,0,0.862,0,0.000,0.000,0.000,0.000,0.152,0.706,0.939,1.300,0.050,0.950,0.024,0.000
428,17.120,0.000,0.000,0.000,0.000,0,0,0,0.000,0.000,2,0,0.862,0,0.000,0.000,0.000,0.000,0.261,0.572,0.937,2.348,0.088,0.912,0.036,0.550
430,17.200,0.000,0.000,0.000,0.000,0,0,0,0.000,0.000,2,0,0.897,0,0.000,0.000,0.000,0.000,0.239,0.478,0.855,2.020,0.099,0.901,0.042,0.550
432,17.280,0.000,0.000,0.000,0.000,0,0,0,0.000,0.000,2,0,0.931,0,0.000,0.000,0.000,0.000,0.089,0.157,0.802,2.855,0.038,0.962,0.061,0.550
434,17.360,0.000,0.000,0.000,0.000,0,0,0,0.000,0.000,2,0,0.931,0,0.000,0.000,0.000,0.000,0.118,0.547,1.076,1.955,0.043,0.957,0.035,0.550
436,17.440,0.000,0.000,0.000,0.000,0,0,0,0.000,0.000,2,0,0.931,0,0.000,0.000,0.000,0.000,0.219,0.617,0.993,1.060,0.086,0.914,0.032,0.000
438,17.520,0.000,0.000,0.000,0.000,0,0,0,0.000,0.000,2,0,0.931,0,0.000,0.000,0.000,0.000,0.218,0.190,0.865,0.266,0.072,0.928,0.062,0.000
440,17.600,0.000,0.000,0.000,0.000,0,0,0,0.000,0.000,2,0,0.931,0,0.000,0.000,0.000,0.000,0.284,0.425,0.675,3.041,0.103,0.897,0.047,0.550
442,17.680,0.000,0.000,0.000,0.000,0,0,0,0.000,0.000,2,0,0.931,0,0.000,0.000,0.000,0.000,0.194,0.322,0.660,3.034,0.070,0.930,0.052,0.550
444,17.760,0.000,0.000,0.000,0.000,0,0,0,0.000,0.000,2,0,0.931,0,0.000,0.000,0.000,0.000,0.068,0.585,0.769,1.989,0.028,0.972,0.031,0.550
446,17.840,0.000,0.000,0.000,0.000,0,0,0,0.000,0.000,2,0,0.931,0,0.000,0.000,0.000,0.000,0.161,0.725,0.873,1.242,0.062,0.938,0.023,0.000
448,17.920,0.000,0.000,0.000,0.000,0,0,0,0.000,0.000,2,0,0.931,0,0.000,0.000,0.000,0.000,0.136,0.708,0.929,0.464,0.048,0.952,0.024,0.000
450,18.000,0.000,0.000,0.000,0.000,0,0,0,0.000,0.000,2,0,0.931,0,0.000,0.000,0.000,0.000,0.302,0.605,0.673,3.116,0.098,0.902,0.035,0.550
452,18.080,0.000,0.000,0.000,0.000,0,0,0,0.000,0.000,2,0,0.931,0,0.000,0.000,0.000,0.000,0.183,0.280,0.693,1.071,0.076,0.924,0.055,0.000
454,18.160,0.000,0.000,0.000,0.000,0,0,0,0.000,0.000,2,0,0.931,0,0.000,0.000,0.000,0.000,0.098,0.601,0.425,2.323,0.036,0.964,0.030,0.550
456,18.240,0.000,0.000,0.000,0.000,0,0,0,0.000,0.000,2,0,0.931,0,0.000,0.000,0.000,0.000,0.067,0.428,0.222,0.588,0.028,0.972,0.042,0.000
458,18.320,0.000,0.000,0.000,0.000,0,0,0,0.000,0.000,2,0,0.931,0,0.000,0.000,0.000,0.000,0.172,0.049,0.271,3.080,0.069,0.931,0.071,0.550
460,18.400,0.000,0.000,0.000,0.000,0,0,0,0.000,0.000,2,0,0.931,0,0.000,0.000,0.000,0.000,0.161,0.168,0.408,2.193,0.067,0.933,0.062,0.550
462,18.480,0.000,0.000,0.000,0.000,0,0,0,0.000,0.000,2,0,0.931,0,0.000,0.000,0.000,0.000,0.253,0.446,0.507,2.241,0.093,0.907,0.045,0.550
464,18.560,0.000,0.000,0.000,0.000,0,0,0,0.000,0.000,2,0,0.966,0,0.000,0.000,0.000,0.000,0.213,0.489,0.074,2.917,0.073,0.927,0.041,0.550
466,18.640,0.000,0.000,0.000,0.000,0,0,0,0.000,0.000,2,0,1.000,0,0.000,0.000,0.000,0.000,0.126,0.419,0.102,2.293,0.051,0.949,0.044,0.550
468,18.720,0.000,0.000,0.000,0.000,0,0,0,0.000,0.000,2,0,1.000,0,0.000,0.000,0.000,0.000,0.129,0.623,0.050,0.018,0.052,0.948,0.030,0.000
470,18.800,0.000,0.000,0.000,0.000,0,0,0,0.000,0.000,2,0,1.000,0,0.000,0.000,0.000,0.000,0.236,0.407,0.242,3.073,0.093,0.907,0.047,0.550
472,18.880,0.000,0.000,0.000,0.000,0,0,0,0.000,0.000,2,0,1.000,0,0.000,0.000,0.000,0.000,0.160,0.360,0.350,1.913,0.070,0.930,0.049,0.550
474,18.960,0.000,0.000,0.000,0.000,0,0,0,0.000,0.000,2,0,1.000,0,0.000,0.000,0.000,0.000,0.199,0.142,0.323,2.942,0.087,0.913,0.065,0.550
476,19.040,0.000,0.000,0.000,0.000,0,0,0,0.000,0.000,2,0,1.000,0,0.000,0.000,0.000,0.000,0.143,0.212,0.030,2.657,0.060,0.940,0.059,0.550
478,19.120,0.000,0.000,0.000,0.000,0,0,0,0.000,0.000,2,0,1.000,0,0.000,0.000,0.000,0.000,0.273,0.548,0.022,2.235,0.079,0.921,0.038,0.550
480,19.200,0.000,0.000,0.000,0.000,0,0,0,0.000,0.000,2,0,1.000,0,0.000,0.000,0.000,0.000,0.380,0.720,0.112,3.068,0.117,0.883,0.029,0.550
482,19.280,0.000,0.000,0.000,0.000,0,0,0,0.000,0.000,2,0,1.000,0,0.000,0.000,0.000,0.000,0.232,0.297,0.117,0.728,0.095,0.905,0.055,0.480
484,19.360,0.000,0.000,0.000,0.000,0,0,0,0.000,0.000,2,0,1.000,0,0.000,0.000,0.000,0.000,0.329,0.587,0.113,2.737,0.115,0.885,0.037,0.550
486,19.440,0.000,0.000,0.000,0.000,0,0,0,0.000,0.000,2,0,1.000,0,0.000,0.000,0.000,0.000,0.191,0.592,0.337,2.673,0.063,0.937,0.033,0.550
488,19.520,0.000,0.000,0.000,0.000,0,0,0,0.000,0.000,2,0,1.000,0,0.000,0.000,0.000,0.000,0.556,0.633,0.497,0.762,0.202,0.798,0.040,0.000
490,19.600,0.000,0.000,0.000,0.000,0,0,0,0.000,0.000,2,0,1.000,0,0.000,0.000,0.000,0.000,0.528,0.734,0.962,2.860,0.174,0.826,0.032,0.550
492,19.680,0.000,0.000,0.000,0.000,0,0,0,0.000,0.000,2,0,1.000,0,0.000,0.000,0.000,0.000,0.242,0.535,1.424,0.278,0.094,0.906,0.039,0.700
494,19.760,0.000,0.000,0.000,0.000,0,0,0,0.000,0.000,2,0,1.000,0,0.000,0.000,0.000,0.000,0.316,0.424,1.253,3.084,0.125,0.875,0.048,0.550
496,19.840,0.000,0.000,0.000,0.000,0,0,0,0.000,0.000,2,0,1.000,0,0.000,0.000,0.000,0.000,0.186,0.146,1.283,2.806,0.077,0.923,0.064,0.550
498,19.920,0.000,0.000,0.000,0.000,0,0,0,0.000,0.000,2,0,1.000,0,0.000,0.000,0.000,0.000,0.299,0.542,1.420,2.703,0.110,0.890,0.040,0.700
500,20.000,0.000,0.000,0.000,0.000,0,0,0,0.000,0.000,2,0,1.000,0,0.000,0.000,0.000,0.000,0.108,0.571,1.672,0.093,0.040,0.960,0.033,0.700
502,20.080,0.000,0.000,0.000,0.000,0,0,0,0.000,0.000,2,0,1.000,0,0.000,0.000,0.000,0.000,0.174,0.161,1.702,2.130,0.074,0.926,0.063,0.700
504,20.160,0.000,0.000,0.000,0.000,0,0,0,0.000,0.000,2,0,1.000,0,0.000,0.000,0.000,0.000,0.190,0.220,1.762,1.945,0.067,0.933,0.059,0.700
506,20.240,0.000,0.000,0.000,0.000,0,0,0,0.000,0.000,2,0,1.000,0,0.000,0.000,0.000,0.000,0.137,0.605,1.752,2.974,0.046,0.954,0.031,0.700
508,20.320,0.000,0.000,0.000,0.000,0,0,0,0.000,0.000,2,0,1.000,0,0.000,0.000,0.000,0.000,0.304,0.680,1.754,0.050,0.088,0.912,0.030,0.700
510,20.400,0.000,0.000,0.000,0.000,0,0,0,0.000,0.000,2,0,1.000,0,0.000,0.000,0.000,0.000,0.309,0.557,1.528,3.059,0.098,0.902,0.039,0.700
512,20.480,0.000,0.000,0.000,0.000,0,0,0,0.000,0.000,2,0,1.000,0,0.000,0.000,0.000,0.000,0.276,0.677,1.155,3.045,0.094,0.906,0.030,0.550
514,20.560,0.000,0.000,0.000,0.000,0,0,0,0.000,0.000,2,0,1.000,0,0.000,0.000,0.000,0.000,0.105,0.907,1.138,1.739,0.043,0.957,0.009,0.550
516,20.640,0.000,0.000,0.000,0.000,0,0,0,0.000,0.000,2,0,1.000,0,0.000,0.000,0.000,0.000,0.058,0.743,0.709,0.805,0.024,0.976,0.019,0.000
518,20.720,0.000,0.000,0.000,0.000,0,0,0,0.000,0.000,2,0,1.000,0,0.000,0.000,0.000,0.000,0.035,0.346,0.555,0.707,0.013,0.987,0.047,0.480
520,20.800,0.000,0.000,0.000,0.000,0,0,0,0.000,0.000,2,0,1.000,0,0.000,0.000,0.000,0.000,0.096,0.213,0.192,2.656,0.035,0.965,0.058,0.550
522,20.880,0.000,0.000,0.000,0.000,0,0,0,0.000,0.000,2,0,1.000,0,0.000,0.000,0.000,0.000,0.218,0.903,0.576,2.872,0.068,0.932,0.012,0.550
524,20.960,0.000,0.000,0.000,0.000,0,0,0,0.000,0.000,2,0,1.000,0,0.000,0.000,0.000,0.000,0.050,0.893,0.582,0.011,0.008,0.992,0.009,0.000
526,21.040,0.000,0.000,0.000,0.000,0,0,0,0.000,0.000,2,0,1.000,0,0.000,0.000,0.000,0.000,0.146,0.574,0.772,1.525,0.065,0.935,0.033,0.550
528,21.120,0.000,0.000,0.000,0.000,0,0,0,0.000,0.000,2,0,1.000,0,0.000,0.000,0.000,0.000,0.238,0.156,0.847,2.872,0.105,0.895,0.065,0.550
530,21.200,0.000,0.000,0.000,0.000,0,0,0,0.000,0.000,2,0,1.000,0,0.000,0.000,0.000,0.000,0.145,0.439,1.019,2.872,0.061,0.939,0.043,0.550
532,21.280,0.000,0.000,0.000,0.000,0,0,0,0.000,0.000,2,0,1.000,0,0.000,0.000,0.000,0.000,0.242,0.278,0.871,2.417,0.080,0.920,0.057,0.550
534,21.360,0.000,0.000,0.000,0.000,0,0,0,0.000,0.000,2,0,1.000,0,0.000,0.000,0.000,0.000,0.145,0.663,0.847,0.189,0.051,0.949,0.027,0.000
536,21.440,0.000,0.000,0.000,0.000,0,0,0,0.000,0.000,2,0,1.000,0,0.000,0.000,0.000,0.000,0.129,0.586,0.863,2.847,0.036,0.964,0.032,0.550
538,21.520,0.000,0.000,0.000,0.000,0,0,0,0.000,0.000,2,0,1.000,0,0.000,0.000,0.000,0.000,0.221,0.777,0.862,0.225,0.057,0.943,0.021,0.000
540,21.600,0.000,0.000,0.000,0.000,0,0,0,0.000,0.000,2,0,1.000,0,0.000,0.000,0.000,0.000,0.478,0.686,0.921,2.626,0.150,0.850,0.034,0.550
542,21.680,0.000,0.000,0.000,0.000,0,0,0,0.000,0.000,3,1,0.966,0,0.000,0.000,0.000,0.000,0.486,0.561,0.812,2.429,0.057,0.943,0.043,0.750
544,21.760,0.000,0.000,0.000,0.000,0,0,0,0.000,0.000,3,0,0.966,0,0.000,0.000,0.000,0.000,0.513,0.274,0.726,3.102,0.119,0.881,0.064,0.550
546,21.840,0.000,0.000,0.000,0.000,0,0,0,0.000,0.000,3,0,0.966,0,0.000,0.000,0.000,0.000,2.259,0.995,0.368,0.157,0.341,0.659,0.057,0.000
548,21.920,0.000,0.000,0.000,0.000,0,0,0,0.000,0.000,3,0,0.966,0,0.000,0.000,0.000,0.000,18.932,0.498,0.775,1.264,0.539,0.461,0.235,0.789
550,22.000,0.000,0.000,0.000,0.000,0,0,0,0.000,0.000,2,1,0.931,0,0.000,0.000,0.000,0.000,0.071,0.790,11.412,1.843,0.011,0.989,0.016,0.750
552,22.080,0.000,0.000,0.000,0.000,0,0,0,0.000,0.000,2,0,0.931,0,0.000,0.000,0.000,0.000,0.119,0.326,15.210,0.001,0.013,0.987,0.050,0.700
554,22.160,0.000,0.000,0.000,0.000,0,0,0,0.000,0.000,2,0,0.931,0,0.000,0.000,0.000,0.000,0.114,0.309,15.268,0.008,0.013,0.987,0.051,0.700
556,22.240,0.000,0.000,0.000,0.000,0,0,0,0.000,0.000,2,0,0.931,0,0.000,0.000,0.000,0.000,0.132,0.654,15.644,0.009,0.015,0.985,0.028,0.700
558,22.320,0.000,0.000,0.000,0.000,0,0,0,0.000,0.000,2,0,0.931,0,0.000,0.000,0.000,0.000,0.135,0.467,15.650,0.007,0.016,0.984,0.041,0.700
560,22.400,0.000,0.000,0.000,0.000,0,0,0,0.000,0.000,2,0,0.931,0,0.000,0.000,0.000,0.000,0.167,0.499,16.456,0.031,0.018,0.982,0.039,0.700
562,22.480,0.000,0.000,0.000,0.000,0,0,0,0.000,0.000,2,0,0.931,0,0.000,0.000,0.000,0.000,0.176,0.147,16.651,0.001,0.021,0.979,0.064,0.700
564,22.560,0.000,0.000,0.000,0.000,0,0,0,0.000,0.000,2,0,0.931,0,0.000,0.000,0.000,0.000,0.193,0.428,16.158,0.010,0.021,0.979,0.045,0.700
566,22.640,0.000,0.000,0.000,0.000,0,0,0,0.000,0.000,2,0,0.931,0,0.000,0.000,0.000,0.000,0.224,0.182,16.220,0.002,0.026,0.974,0.063,0.700
568,22.720,0.000,0.000,0.000,0.000,0,0,0,0.000,0.000,2,0,0.931,0,0.000,0.000,0.000,0.000,0.238,0.408,16.258,0.002,0.027,0.973,0.047,0.700
570,22.800,0.000,0.000,0.000,0.000,0,0,0,0.000,0.000,2,0,0.931,0,0.000,0.000,0.000,0.000,0.313,0.128,17.590,0.015,0.030,0.970,0.069,0.700
572,22.880,0.000,0.000,0.000,0.000,0,0,0,0.000,0.000,2,0,0.931,0,0.000,0.000,0.000,0.000,0.327,0.273,13.109,0.011,0.033,0.967,0.059,0.700
574,22.960,0.000,0.000,0.000,0.000,0,0,0,0.000,0.000,2,0,0.931,0,0.000,0.000,0.000,0.000,0.335,0.360,10.612,0.017,0.036,0.964,0.053,0.700
576,23.040,0.000,0.000,0.000,0.000,0,0,0,0.000,0.000,2,0,0.931,0,0.000,0.000,0.000,0.000,0.386,0.371,8.922,0.038,0.037,0.963,0.054,0.700
578,23.120,0.000,0.000,0.000,0.000,0,0,0,0.000,0.000,2,0,0.931,0,0.000,0.000,0.000,0.000,0.456,0.468,2.076,0.004,0.041,0.959,0.049,0.700
580,23.200,0.000,0.000,0.000,0.000,0,0,0,0.000,0.000,2,0,0.931,0,0.000,0.000,0.000,0.000,0.471,0.503,0.299,0.003,0.045,0.955,0.047,0.000
582,23.280,0.000,0.000,0.000,0.000,0,0,0,0.000,0.000,2,0,0.931,0,0.000,0.000,0.000,0.000,0.445,0.562,0.293,0.000,0.047,0.953,0.042,0.000
584,23.360,0.000,0.000,0.000,0.000,0,0,0,0.000,0.000,2,0,0.931,0,0.000,0.000,0.000,0.000,0.527,0.523,0.287,0.007,0.053,0.947,0.047,0.000
586,23.440,0.000,0.000,0.000,0.000,0,0,0,0.000,0.000,2,0,0.931,0,0.000,0.000,0.000,0.000,0.518,0.378,0.282,0.012,0.054,0.946,0.057,0.000
588,23.520,0.000,0.000,0.000,0.000,0,0,0,0.000,0.000,2,0,0.931,0,0.000,0.000,0.000,0.000,0.508,0.459,0.276,0.025,0.056,0.944,0.051,0.000
590,23.600,0.000,0.000,0.000,0.000,0,0,0,0.000,0.000,2,0,0.931,0,0.000,0.000,0.000,0.000,0.658,0.318,0.270,0.022,0.059,0.941,0.064,0.000
592,23.680,0.000,0.000,0.000,0.000,0,0,0,0.000,0.000,2,0,0.931,0,0.000,0.000,0.000,0.000,0.600,0.265,0.263,0.000,0.061,0.939,0.066,0.000
594,23.760,0.000,0.000,0.000,0.000,0,0,0,0.000,0.000,2,0,0.931,0,0.000,0.000,0.000,0.000,0.665,0.180,0.256,0.011,0.061,0.939,0.074,0.000
596,23.840,0.000,0.000,0.000,0.000,0,0,0,0.000,0.000,2,0,0.931,0,0.000,0.000,0.000,0.000,0.669,0.172,0.250,0.011,0.065,0.935,0.075,0.000
598,23.920,0.000,0.000,0.000,0.000,0,0,0,0.000,0.000,2,0,0.931,0,0.000,0.000,0.000,0.000,0.672,0.134,0.245,0.013,0.068,0.932,0.077,0.000
600,24.000,0.000,0.000,0.000,0.000,0,0,0,0.000,0.000,2,0,0.966,0,0.000,0.000,0.000,0.000,0.664,0.139,0.239,0.002,0.067,0.933,0.077,0.000
602,24.080,0.000,0.000,0.000,0.000,0,0,0,0.000,0.000,2,0,0.966,0,0.000,0.000,0.000,0.000,0.713,0.173,0.231,0.015,0.070,0.930,0.076,0.000
604,24.160,0.000,0.000,0.000,0.000,0,0,0,0.000,0.000,2,0,0.966,0,0.000,0.000,0.000,0.000,0.677,0.145,0.223,0.004,0.070,0.930,0.077,0.000
606,24.240,0.000,0.000,0.000,0.000,0,0,0,0.000,0.000,2,0,0.966,0,0.000,0.000,0.000,0.000,0.682,0.161,0.216,0.007,0.071,0.929,0.076,0.000
608,24.320,0.000,0.000,0.000,0.000,0,0,0,0.000,0.000,2,0,1.000,0,0.000,0.000,0.000,0.000,0.675,0.123,0.185,0.005,0.073,0.927,0.078,0.000
610,24.400,0.000,0.000,0.000,0.000,0,0,0,0.000,0.000,3,1,0.966,0,0.000,0.000,0.000,0.000,0.752,0.094,3.502,0.007,0.071,0.929,0.082,0.750
612,24.480,0.000,0.000,0.000,0.000,0,0,0,0.000,0.000,2,1,0.931,0,0.000,0.000,0.000,0.000,0.618,0.132,3.209,0.001,0.069,0.931,0.076,0.750
614,24.560,0.000,0.000,0.000,0.000,0,0,0,0.000,0.000,2,0,0.931,0,0.000,0.000,0.000,0.000,0.733,0.164,3.034,0.010,0.071,0.929,0.077,0.700
616,24.640,0.000,0.000,0.000,0.000,0,0,0,0.000,0.000,2,0,0.931,0,0.000,0.000,0.000,0.000,0.633,0.084,2.753,0.002,0.066,0.934,0.080,0.700
618,24.720,0.000,0.000,0.000,0.000,0,0,0,0.000,0.000,2,0,0.931,0,0.000,0.000,0.000,0.000,0.649,0.175,2.568,0.058,0.069,0.931,0.074,0.700
620,24.800,0.000,0.000,0.000,0.000,0,0,0,0.000,0.000,2,0,0.931,0,0.000,0.000,0.000,0.000,0.700,0.161,2.518,0.051,0.065,0.935,0.076,0.700
622,24.880,0.000,0.000,0.000,0.000,0,0,0,0.000,0.000,2,0,0.931,0,0.000,0.000,0.000,0.000,0.726,0.170,2.100,0.016,0.063,0.937,0.076,0.700
624,24.960,0.000,0.000,0.000,0.000,0,0,0,0.000,0.000,2,0,0.931,0,0.000,0.000,0.000,0.000,0.585,0.166,1.989,0.000,0.062,0.938,0.073,0.700
626,25.040,0.000,0.000,0.000,0.000,0,0,0,0.000,0.000,2,0,0.931,0,0.000,0.000,0.000,0.000,0.528,0.208,1.718,0.013,0.058,0.942,0.069,0.700
628,25.120,0.000,0.000,0.000,0.000,0,0,0,0.000,0.000,2,0,0.931,0,0.000,0.000,0.000,0.000,0.579,0.256,1.459,0.001,0.056,0.944,0.067,0.700
630,25.200,0.000,0.000,0.000,0.000,0,0,0,0.000,0.000,2,0,0.931,0,0.000,0.000,0.000,0.000,0.502,0.276,1.266,0.009,0.055,0.945,0.063,0.000
632,25.280,0.000,0.000,0.000,0.000,0,0,0,0.000,0.000,2,0,0.931,0,0.000,0.000,0.000,0.000,0.508,0.361,1.033,0.006,0.051,0.949,0.057,0.000
634,25.360,0.000,0.000,0.000,0.000,0,0,0,0.000,0.000,2,0,0.931,0,0.000,0.000,0.000,0.000,0.461,0.448,0.729,0.005,0.049,0.951,0.050,0.000
636,25.440,0.000,0.000,0.000,0.000,0,0,0,0.000,0.000,2,0,0.931,0,0.000,0.000,0.000,0.000,0.431,0.433,0.454,0.002,0.044,0.956,0.050,0.000
638,25.520,0.000,0.000,0.000,0.000,0,0,0,0.000,0.000,2,0,0.931,0,0.000,0.000,0.000,0.000,0.393,0.501,0.111,0.007,0.044,0.956,0.045,0.000
640,25.600,0.000,0.000,0.000,0.000,0,0,0,0.000,0.000,2,0,0.931,0,0.000,0.000,0.000,0.000,0.384,0.379,0.268,0.006,0.043,0.957,0.053,0.000
642,25.680,0.000,0.000,0.000,0.000,0,0,0,0.000,0.000,2,0,0.931,0,0.000,0.000,0.000,0.000,0.320,0.451,0.782,0.006,0.037,0.963,0.046,0.000
644,25.760,0.000,0.000,0.000,0.000,0,0,0,0.000,0.000,2,0,0.931,0,0.000,0.000,0.000,0.000,0.325,0.368,1.404,0.011,0.036,0.964,0.052,0.700
646,25.840,0.000,0.000,0.000,0.000,0,0,0,0.000,0.000,2,0,0.931,0,0.000,0.000,0.000,0.000,0.289,0.393,2.094,0.003,0.034,0.966,0.050,0.700
648,25.920,0.000,0.000,0.000,0.000,0,0,0,0.000,0.000,2,0,0.931,0,0.000,0.000,0.000,0.000,0.271,0.517,3.020,0.015,0.031,0.969,0.041,0.700
650,26.000,0.000,0.000,0.000,0.000,0,0,0,0.000,0.000,2,0,0.931,0,0.000,0.000,0.000,0.000,0.224,0.426,5.274,0.011,0.026,0.974,0.046,0.700
652,26.080,0.000,0.000,0.000,0.000,0,0,0,0.000,0.000,2,0,0.931,0,0.000,0.000,0.000,0.000,0.176,0.359,6.089,0.008,0.026,0.974,0.049,0.700
654,26.160,0.000,0.000,0.000,0.000,0,0,0,0.000,0.000,2,0,0.931,0,0.000,0.000,0.000,0.000,0.166,0.390,7.899,0.003,0.022,0.978,0.047,0.700
656,26.240,0.000,0.000,0.000,0.000,0,0,0,0.000,0.000,2,0,0.931,0,0.000,0.000,0.000,0.000,0.153,0.325,7.091,0.013,0.023,0.977,0.051,0.700
658,26.320,0.000,0.000,0.000,0.000,0,0,0,0.000,0.000,2,0,0.931,0,0.000,0.000,0.000,0.000,0.131,0.527,5.641,0.012,0.018,0.982,0.036,0.700
660,26.400,0.000,0.000,0.000,0.000,0,0,0,0.000,0.000,2,0,0.931,0,0.000,0.000,0.000,0.000,0.123,0.427,5.658,0.005,0.018,0.982,0.043,0.700
662,26.480,0.000,0.000,0.000,0.000,0,0,0,0.000,0.000,2,0,0.931,0,0.000,0.000,0.000,0.000,0.110,0.494,4.942,0.008,0.015,0.985,0.038,0.700
664,26.560,0.000,0.000,0.000,0.000,0,0,0,0.000,0.000,2,0,0.931,0,0.000,0.000,0.000,0.000,0.102,0.488,4.738,0.012,0.014,0.986,0.038,0.700
666,26.640,0.000,0.000,0.000,0.000,0,0,0,0.000,0.000,2,0,0.931,0,0.000,0.000,0.000,0.000,0.091,0.378,4.298,0.002,0.012,0.988,0.046,0.700
668,26.720,0.000,0.000,0.000,0.000,0,0,0,0.000,0.000,2,0,0.966,0,0.000,0.000,0.000,0.000,0.079,0.422,3.914,0.007,0.012,0.988,0.042,0.700
670,26.800,0.000,0.000,0.000,0.000,0,0,0,0.000,0.000,2,0,1.000,0,0.000,0.000,0.000,0.000,0.077,0.591,3.540,0.003,0.011,0.989,0.031,0.700
672,26.880,0.000,0.000,0.000,0.000,0,0,0,0.000,0.000,2,0,1.000,0,0.000,0.000,0.000,0.000,0.074,0.567,3.458,0.002,0.010,0.990,0.032,0.700
674,26.960,0.000,0.000,0.000,0.000,0,0,0,0.000,0.000,2,0,1.000,0,0.000,0.000,0.000,0.000,0.055,0.522,3.049,0.007,0.009,0.991,0.035,0.700
676,27.040,0.000,0.000,0.000,0.000,0,0,0,0.000,0.000,3,1,0.966,0,0.000,0.000,0.000,0.000,11.547,0.048,2.976,0.004,0.732,0.268,0.267,0.800
678,27.120,0.000,0.000,0.000,0.000,0,0,0,0.000,0.000,2,1,0.931,0,0.000,0.000,0.000,0.000,0.044,0.741,3.005,0.000,0.017,0.983,0.019,0.750
680,27.200,0.000,0.000,0.000,0.000,0,0,0,0.000,0.000,2,0,0.931,0,0.000,0.000,0.000,0.000,0.122,0.216,3.000,0.001,0.047,0.953,0.058,0.700
682,27.280,0.000,0.000,0.000,0.000,0,0,0,0.000,0.000,2,0,0.931,0,0.000,0.000,0.000,0.000,0.167,0.121,3.243,0.016,0.064,0.936,0.066,0.700
684,27.360,0.000,0.000,0.000,0.000,0,0,0,0.000,0.000,2,0,0.931,0,0.000,0.000,0.000,0.000,0.259,0.261,3.787,0.006,0.101,0.899,0.058,0.700
686,27.440,0.000,0.000,0.000,0.000,0,0,0,0.000,0.000,2,0,0.931,0,0.000,0.000,0.000,0.000,0.331,0.141,3.999,0.008,0.127,0.873,0.068,0.700
688,27.520,0.000,0.000,0.000,0.000,0,0,0,0.000,0.000,2,0,0.931,0,0.000,0.000,0.000,0.000,0.401,0.062,4.177,0.011,0.150,0.850,0.076,0.700
690,27.600,0.000,0.000,0.000,0.000,0,0,0,0.000,0.000,2,0,0.931,0,0.000,0.000,0.000,0.000,0.482,0.015,4.759,0.018,0.176,0.824,0.081,0.700
692,27.680,0.000,0.000,0.000,0.000,0,0,0,0.000,0.000,2,0,0.931,0,0.000,0.000,0.000,0.000,0.573,0.002,5.238,0.008,0.203,0.797,0.084,0.700
694,27.760,0.000,0.000,0.000,0.000,0,0,0,0.000,0.000,2,0,0.931,0,0.000,0.000,0.000,0.000,0.644,0.006,6.067,0.003,0.222,0.778,0.086,0.700
696,27.840,0.000,0.000,0.000,0.000,0,0,0,0.000,0.000,2,0,0.931,0,0.000,0.000,0.000,0.000,0.715,0.008,6.979,0.008,0.240,0.760,0.087,0.700
698,27.920,0.000,0.000,0.000,0.000,0,0,0,0.000,0.000,3,1,0.897,0,0.000,0.000,0.000,0.000,0.787,0.015,8.092,0.001,0.259,0.741,0.089,0.750
700,28.000,0.000,0.000,0.000,0.000,0,0,0,0.000,0.000,3,0,0.897,0,0.000,0.000,0.000,0.000,0.853,0.026,9.343,0.024,0.272,0.728,0.089,0.700
702,28.080,0.000,0.000,0.000,0.000,0,0,0,0.000,0.000,3,0,0.897,0,0.000,0.000,0.000,0.000,0.937,0.029,11.298,0.005,0.279,0.721,0.091,0.700
704,28.160,0.000,0.000,0.000,0.000,0,0,0,0.000,0.000,3,0,0.897,0,0.000,0.000,0.000,0.000,1.018,0.026,13.079,0.029,0.289,0.711,0.094,0.700
706,28.240,0.000,0.000,0.000,0.000,0,0,0,0.000,0.000,3,0,0.897,0,0.000,0.000,0.000,0.000,1.094,0.044,16.044,0.011,0.294,0.706,0.094,0.700
708,28.320,0.000,0.000,0.000,0.000,0,0,0,0.000,0.000,3,0,0.897,0,0.000,0.000,0.000,0.000,1.170,0.015,0.116,0.029,0.301,0.699,0.098,0.000
710,28.400,0.000,0.000,0.000,0.000,0,0,0,0.000,0.000,3,0,0.897,0,0.000,0.000,0.000,0.000,1.401,0.067,0.084,0.001,0.304,0.696,0.100,0.000
712,28.480,0.000,0.000,0.000,0.000,0,0,0,0.000,0.000,3,0,0.897,0,0.000,0.000,0.000,0.000,1.723,0.057,0.052,0.047,0.313,0.687,0.109,0.000
714,28.560,0.000,0.000,0.000,0.000,0,0,0,0.000,0.000,3,0,0.897,0,0.000,0.000,0.000,0.000,2.169,0.013,0.015,0.016,0.305,0.695,0.123,0.000
716,28.640,0.000,0.000,0.000,0.000,0,0,0,0.000,0.000,3,0,0.897,0,0.000,0.000,0.000,0.000,2.578,0.035,0.027,0.010,0.304,0.696,0.132,0.000
718,28.720,0.000,0.000,0.000,0.000,0,0,0,0.000,0.000,3,0,0.897,0,0.000,0.000,0.000,0.000,2.671,0.030,0.076,0.018,0.300,0.700,0.135,0.000
720,28.800,0.000,0.000,0.000,0.000,0,0,0,0.000,0.000,3,0,0.897,0,0.000,0.000,0.000,0.000,2.714,0.035,0.123,0.011,0.295,0.705,0.135,0.000
722,28.880,0.000,0.000,0.000,0.000,0,0,0,0.000,0.000,3,0,0.897,0,0.000,0.000,0.000,0.000,2.800,0.053,0.167,0.000,0.288,0.712,0.136,0.000
724,28.960,0.000,0.000,0.000,0.000,0,0,0,0.000,0.000,3,0,0.897,0,0.000,0.000,0.000,0.000,2.602,0.026,0.209,0.000,0.292,0.708,0.133,0.000
726,29.040,0.000,0.000,0.000,0.000,0,0,0,0.000,0.000,3,0,0.897,0,0.000,0.000,0.000,0.000,2.443,0.051,0.243,0.006,0.270,0.730,0.128,0.000
728,29.120,0.000,0.000,0.000,0.000,0,0,0,0.000,0.000,3,0,0.897,0,0.000,0.000,0.000,0.000,2.286,0.025,0.270,0.003,0.259,0.741,0.125,0.000
730,29.200,0.000,0.000,0.000,0.000,0,0,0,0.000,0.000,3,0,0.897,0,0.000,0.000,0.000,0.000,2.032,0.047,0.289,0.016,0.249,0.751,0.118,0.000
732,29.280,0.000,0.000,0.000,0.000,0,0,0,0.000,0.000,3,0,0.897,0,0.000,0.000,0.000,0.000,1.772,0.129,0.300,0.008,0.238,0.762,0.105,0.000
734,29.360,0.000,0.000,0.000,0.000,0,0,0,0.000,0.000,3,0,0.931,0,0.000,0.000,0.000,0.000,1.291,0.100,0.301,0.007,0.223,0.777,0.095,0.000
736,29.440,0.000,0.000,0.000,0.000,0,0,0,0.000,0.000,2,1,0.931,0,0.000,0.000,0.000,0.000,1.039,0.081,0.286,0.001,0.227,0.773,0.090,0.750
738,29.520,0.000,0.000,0.000,0.000,0,0,0,0.000,0.000,2,0,0.931,0,0.000,0.000,0.000,0.000,0.782,0.162,4.555,0.058,0.197,0.803,0.078,0.700
740,29.600,0.000,0.000,0.000,0.000,0,0,0,0.000,0.000,2,0,0.931,0,0.000,0.000,0.000,0.000,0.495,0.032,4.222,0.051,0.183,0.817,0.080,0.700
742,29.680,0.000,0.000,0.000,0.000,0,0,0,0.000,0.000,2,0,0.931,0,0.000,0.000,0.000,0.000,0.441,0.014,3.553,0.014,0.167,0.833,0.080,0.700
744,29.760,0.000,0.000,0.000,0.000,0,0,0,0.000,0.000,2,0,0.931,0,0.000,0.000,0.000,0.000,0.480,0.046,2.648,0.002,0.153,0.847,0.079,0.700
746,29.840,0.000,0.000,0.000,0.000,0,0,0,0.000,0.000,2,0,0.931,0,0.000,0.000,0.000,0.000,0.436,0.133,1.652,0.007,0.132,0.868,0.072,0.700
748,29.920,0.000,0.000,0.000,0.000,0,0,0,0.000,0.000,2,0,0.931,0,0.000,0.000,0.000,0.000,0.346,0.116,0.851,0.013,0.124,0.876,0.071,0.000
750,30.000,0.000,0.000,0.000,0.000,0,0,0,0.000,0.000,2,0,0.931,0,0.000,0.000,0.000,0.000,0.241,0.101,0.304,0.016,0.101,0.899,0.069,0.000
752,30.080,0.000,0.000,0.000,0.000,0,0,0,0.000,0.000,2,0,0.931,0,0.000,0.000,0.000,0.000,0.194,0.309,0.140,0.005,0.080,0.920,0.053,0.000
754,30.160,0.000,0.000,0.000,0.000,0,0,0,0.000,0.000,2,0,0.931,0,0.000,0.000,0.000,0.000,0.162,0.072,0.543,0.018,0.088,0.912,0.069,0.000
756,30.240,0.000,0.000,0.000,0.000,0,0,0,0.000,0.000,2,0,0.966,0,0.000,0.000,0.000,0.000,0.132,0.039,0.914,0.011,0.056,0.944,0.071,0.000
758,30.320,0.000,0.000,0.000,0.000,0,0,0,0.000,0.000,2,0,0.966,0,0.000,0.000,0.000,0.000,0.079,0.132,1.296,0.006,0.028,0.972,0.063,0.000
760,30.400,0.000,0.000,0.000,0.000,0,0,0,0.000,0.000,2,0,0.966,0,0.000,0.000,0.000,0.000,0.055,0.452,1.714,0.017,0.018,0.982,0.040,0.700
762,30.480,0.000,0.000,0.000,0.000,0,0,0,0.000,0.000,3,1,0.931,0,0.000,0.000,0.000,0.000,14.203,0.047,2.175,0.266,0.978,0.022,0.267,0.800
764,30.560,0.000,0.000,0.000,0.000,0,0,0,0.000,0.000,2,1,0.897,0,0.000,0.000,0.000,0.000,0.001,0.238,1.107,1.910,0.000,1.000,0.053,0.750
766,30.640,0.000,0.000,0.000,0.000,0,0,0,0.000,0.000,2,0,0.897,0,0.000,0.000,0.000,0.000,0.001,0.238,1.338,0.000,0.000,1.000,0.053,0.000
768,30.720,0.000,0.000,0.000,0.000,0,0,0,0.000,0.000,2,0,0.897,0,0.000,0.000,0.000,0.000,0.117,0.187,1.435,1.255,0.046,0.954,0.060,0.700
770,30.800,0.000,0.000,0.000,0.000,0,0,0,0.000,0.000,2,0,0.897,0,0.000,0.000,0.000,0.000,0.001,1.000,1.363,0.054,0.000,1.000,0.000,0.000
772,30.880,0.000,0.000,0.000,0.000,0,0,0,0.000,0.000,2,0,0.897,0,0.000,0.000,0.000,0.000,0.001,0.429,1.151,0.009,0.000,1.000,0.040,0.000
774,30.960,0.000,0.000,0.000,0.000,0,0,0,0.000,0.000,2,0,0.897,0,0.000,0.000,0.000,0.000,0.001,0.500,0.952,2.337,0.000,1.000,0.035,0.550
776,31.040,0.000,0.000,0.000,0.000,0,0,0,0.000,0.000,2,0,0.897,0,0.000,0.000,0.000,0.000,0.001,0.500,0.790,0.000,0.000,1.000,0.035,0.000
778,31.120,0.000,0.000,0.000,0.000,0,0,0,0.000,0.000,2,0,0.897,0,0.000,0.000,0.000,0.000,0.001,0.500,0.640,0.000,0.000,1.000,0.035,0.000
780,31.200,0.000,0.000,0.000,0.000,0,0,0,0.000,0.000,2,0,0.897,0,0.000,0.000,0.000,0.000,0.001,0.500,0.492,0.000,0.000,1.000,0.035,0.000
782,31.280,0.000,0.000,0.000,0.000,0,0,0,0.000,0.000,2,0,0.897,0,0.000,0.000,0.000,0.000,0.001,0.500,0.336,0.000,0.000,1.000,0.035,0.000
784,31.360,0.000,0.000,0.000,0.000,0,0,0,0.000,0.000,2,0,0.897,0,0.000,0.000,0.000,0.000,0.001,0.500,0.168,0.000,0.000,1.000,0.035,0.000
786,31.440,0.000,0.000,0.000,0.000,0,0,0,0.000,0.000,2,0,0.897,0,0.000,0.000,0.000,0.000,0.001,0.500,0.013,0.000,0.000,1.000,0.035,0.000
788,31.520,0.000,0.000,0.000,0.000,0,0,0,0.000,0.000,2,0,0.897,0,0.000,0.000,0.000,0.000,0.001,0.500,0.225,0.000,0.000,1.000,0.035,0.000
790,31.600,0.000,0.000,0.000,0.000,0,0,0,0.000,0.000,2,0,0.897,0,0.000,0.000,0.000,0.000,0.001,0.500,0.506,0.000,0.000,1.000,0.035,0.000
792,31.680,0.000,0.000,0.000,0.000,0,0,0,0.000,0.000,2,0,0.897,0,0.000,0.000,0.000,0.000,0.001,0.500,0.892,0.000,0.000,1.000,0.035,0.000
794,31.760,0.000,0.000,0.000,0.000,0,0,0,0.000,0.000,2,0,0.931,0,0.000,0.000,0.000,0.000,0.001,0.500,0.391,0.000,0.000,1.000,0.035,0.000
796,31.840,0.000,0.000,0.000,0.000,0,0,0,0.000,0.000,2,0,0.931,0,0.000,0.000,0.000,0.000,0.001,0.500,0.365,0.000,0.000,1.000,0.035,0.000
798,31.920,0.000,0.000,0.000,0.000,0,0,0,0.000,0.000,2,0,0.931,0,0.000,0.000,0.000,0.000,0.001,0.500,0.343,0.000,0.000,1.000,0.035,0.000
800,32.000,0.000,0.000,0.000,0.000,0,0,0,0.000,0.000,2,0,0.931,0,0.000,0.000,0.000,0.000,0.001,0.500,0.332,0.000,0.000,1.000,0.035,0.000
802,32.080,0.000,0.000,0.000,0.000,0,0,0,0.000,0.000,2,0,0.931,0,0.000,0.000,0.000,0.000,0.001,0.500,0.322,0.000,0.000,1.000,0.035,0.000
804,32.160,0.000,0.000,0.000,0.000,0,0,0,0.000,0.000,2,0,0.931,0,0.000,0.000,0.000,0.000,0.001,0.500,0.313,0.000,0.000,1.000,0.035,0.000
806,32.240,0.000,0.000,0.000,0.000,0,0,0,0.000,0.000,2,0,0.931,0,0.000,0.000,0.000,0.000,0.001,0.500,0.303,0.000,0.000,1.000,0.035,0.000
808,32.320,0.000,0.000,0.000,0.000,0,0,0,0.000,0.000,2,0,0.931,0,0.000,0.000,0.000,0.000,0.001,0.500,0.294,0.000,0.000,1.000,0.035,0.000
810,32.400,0.000,0.000,0.000,0.000,0,0,0,0.000,0.000,2,0,0.931,0,0.000,0.000,0.000,0.000,0.001,0.500,0.287,0.000,0.000,1.000,0.035,0.000
812,32.480,0.000,0.000,0.000,0.000,0,0,0,0.000,0.000,2,0,0.931,0,0.000,0.000,0.000,0.000,0.001,0.500,0.282,0.000,0.000,1.000,0.035,0.000
814,32.560,0.000,0.000,0.000,0.000,0,0,0,0.000,0.000,2,0,0.931,0,0.000,0.000,0.000,0.000,0.001,0.500,0.278,0.000,0.000,1.000,0.035,0.000
816,32.640,0.000,0.000,0.000,0.000,0,0,0,0.000,0.000,2,0,0.931,0,0.000,0.000,0.000,0.000,0.001,0.500,0.275,0.000,0.000,1.000,0.035,0.000
818,32.720,0.000,0.000,0.000,0.000,0,0,0,0.000,0.000,2,0,0.931,0,0.000,0.000,0.000,0.000,0.001,0.500,0.272,0.000,0.000,1.000,0.035,0.000
820,32.800,0.000,0.000,0.000,0.000,0,0,0,0.000,0.000,2,0,0.966,0,0.000,0.000,0.000,0.000,0.001,0.500,0.271,0.000,0.000,1.000,0.035,0.000
822,32.880,0.000,0.000,0.000,0.000,0,0,0,0.000,0.000,2,0,1.000,0,0.000,0.000,0.000,0.000,0.074,0.543,0.270,2.466,0.020,0.980,0.034,0.550
824,32.960,0.000,0.000,0.000,0.000,0,0,0,0.000,0.000,2,0,1.000,0,0.000,0.000,0.000,0.000,0.151,0.203,0.098,3.079,0.040,0.960,0.060,0.550
826,33.040,0.000,0.000,0.000,0.000,0,0,0,0.000,0.000,2,0,1.000,0,0.000,0.000,0.000,0.000,0.195,0.458,0.248,2.996,0.048,0.952,0.043,0.550
828,33.120,0.000,0.000,0.000,0.000,0,0,0,0.000,0.000,2,0,1.000,0,0.000,0.000,0.000,0.000,0.120,0.651,0.696,2.922,0.028,0.972,0.027,0.550
830,33.200,0.000,0.000,0.000,0.000,0,0,0,0.000,0.000,2,0,1.000,0,0.000,0.000,0.000,0.000,0.074,0.200,3.577,2.975,0.024,0.976,0.058,0.700
832,33.280,0.000,0.000,0.000,0.000,0,0,0,0.000,0.000,2,0,1.000,0,0.000,0.000,0.000,0.000,0.115,0.654,4.064,0.160,0.034,0.966,0.027,0.700
834,33.360,0.000,0.000,0.000,0.000,0,0,0,0.000,0.000,2,0,1.000,0,0.000,0.000,0.000,0.000,0.125,0.064,4.825,3.004,0.040,0.960,0.069,0.700
836,33.440,0.000,0.000,0.000,0.000,0,0,0,0.000,0.000,2,0,1.000,0,0.000,0.000,0.000,0.000,0.099,0.416,5.655,2.964,0.029,0.971,0.043,0.700
838,33.520,0.000,0.000,0.000,0.000,0,0,0,0.000,0.000,2,0,1.000,0,0.000,0.000,0.000,0.000,0.114,0.132,6.309,0.050,0.029,0.971,0.064,0.700
840,33.600,0.000,0.000,0.000,0.000,0,0,0,0.000,0.000,3,1,0.966,0,0.000,0.000,0.000,0.000,1.235,0.281,7.062,0.165,0.082,0.918,0.081,0.750
842,33.680,0.000,0.000,0.000,0.000,0,0,0,0.000,0.000,3,0,0.966,0,0.000,0.000,0.000,0.000,1.186,0.066,15.289,0.210,0.130,0.870,0.095,0.700
844,33.760,0.000,0.000,0.000,0.000,0,0,0,0.000,0.000,3,0,0.966,0,0.000,0.000,0.000,0.000,3.103,0.229,23.187,0.732,0.187,0.813,0.132,0.700
846,33.840,0.000,0.000,0.000,0.000,0,0,0,0.000,0.000,3,0,0.966,0,0.000,0.000,0.000,0.000,3.971,0.167,43.869,0.322,0.197,0.803,0.158,0.700
848,33.920,0.000,0.000,0.000,0.000,0,0,0,0.000,0.000,3,0,0.966,0,0.000,0.000,0.000,0.000,7.040,0.538,70.339,1.143,0.147,0.853,0.208,0.700
850,34.000,0.000,0.000,0.000,0.000,0,0,0,0.000,0.000,5,1,0.931,0,0.000,0.000,0.000,0.000,6.234,0.532,117.267,0.604,0.124,0.876,0.289,0.750
852,34.080,0.000,0.000,0.000,0.000,0,0,0,0.000,0.000,5,0,0.931,0,0.000,0.000,0.000,0.000,4.415,0.634,158.820,0.266,0.124,0.876,0.236,0.700
854,34.160,0.000,0.000,0.000,0.000,0,0,0,0.000,0.000,5,0,0.931,0,0.000,0.000,0.000,0.000,2.890,0.863,101.918,1.461,0.107,0.893,0.182,0.700
856,34.240,0.000,0.000,0.000,0.000,0,0,0,0.000,0.000,5,0,0.931,0,0.000,0.000,0.000,0.000,3.403,0.683,50.561,2.246,0.117,0.883,0.207,0.700
858,34.320,0.000,0.000,0.000,0.000,0,0,0,0.000,0.000,5,0,0.931,0,0.000,0.000,0.000,0.000,1.250,0.576,37.482,0.031,0.101,0.899,0.161,0.700
860,34.400,0.000,0.000,0.000,0.000,0,0,0,0.000,0.000,4,0,0.931,0,0.000,0.000,0.000,0.000,3.722,0.715,36.415,0.100,0.121,0.879,0.213,0.700
862,34.480,0.000,0.000,0.000,0.000,0,0,0,0.000,0.000,4,0,0.931,0,0.000,0.000,0.000,0.000,5.290,0.651,40.252,0.044,0.126,0.874,0.257,0.700
864,34.560,0.000,0.000,0.000,0.000,0,0,0,0.000,0.000,4,0,0.931,0,0.000,0.000,0.000,0.000,1.343,0.751,44.537,1.895,0.104,0.896,0.151,0.700
866,34.640,0.000,0.000,0.000,0.000,0,0,0,0.000,0.000,4,0,0.931,0,0.000,0.000,0.000,0.000,0.856,0.855,44.799,0.015,0.090,0.910,0.132,0.700
868,34.720,0.000,0.000,0.000,0.000,0,0,0,0.000,0.000,4,0,0.931,0,0.000,0.000,0.000,0.000,2.230,0.947,46.211,0.463,0.104,0.896,0.159,0.700
870,34.800,0.000,0.000,0.000,0.000,0,0,0,0.000,0.000,3,1,0.897,0,0.000,0.000,0.000,0.000,1.158,0.881,49.182,0.346,0.105,0.895,0.037,0.750
872,34.880,0.000,0.000,0.000,0.000,0,0,0,0.000,0.000,3,0,0.897,0,0.000,0.000,0.000,0.000,1.062,0.914,10.336,0.087,0.064,0.936,0.033,0.700
874,34.960,0.000,0.000,0.000,0.000,0,0,0,0.000,0.000,3,0,0.897,0,0.000,0.000,0.000,0.000,0.827,0.454,7.646,3.088,0.071,0.929,0.059,0.700
876,35.040,0.000,0.000,0.000,0.000,0,0,0,0.000,0.000,3,0,0.897,0,0.000,0.000,0.000,0.000,0.791,0.612,3.225,1.497,0.077,0.923,0.047,0.700
878,35.120,0.000,0.000,0.000,0.000,0,0,0,0.000,0.000,3,0,0.897,0,0.000,0.000,0.000,0.000,2.284,0.400,1.799,0.630,0.122,0.878,0.099,0.700
880,35.200,0.000,0.000,0.000,0.000,0,0,0,0.000,0.000,4,1,0.862,0,0.000,0.000,0.000,0.000,1.083,0.485,0.687,0.642,0.122,0.878,0.163,0.750
882,35.280,0.000,0.000,0.000,0.000,0,0,0,0.000,0.000,4,0,0.862,0,0.000,0.000,0.000,0.000,0.590,0.872,0.255,2.621,0.067,0.933,0.124,0.550
884,35.360,0.000,0.000,0.000,0.000,0,0,0,0.000,0.000,4,0,0.862,0,0.000,0.000,0.000,0.000,0.633,0.608,0.017,2.778,0.060,0.940,0.143,0.550
886,35.440,0.000,0.000,0.000,0.000,0,0,0,0.000,0.000,4,0,0.862,0,0.000,0.000,0.000,0.000,0.597,0.887,0.126,1.905,0.056,0.944,0.123,0.550
888,35.520,0.000,0.000,0.000,0.000,0,0,0,0.000,0.000,4,0,0.862,0,0.000,0.000,0.000,0.000,0.455,0.801,0.303,1.614,0.045,0.955,0.125,0.550
890,35.600,0.000,0.000,0.000,0.000,0,0,0,0.000,0.000,4,0,0.862,0,0.000,0.000,0.000,0.000,1.126,0.959,0.368,2.794,0.078,0.922,0.131,0.550
892,35.680,0.000,0.000,0.000,0.000,0,0,0,0.000,0.000,3,1,0.828,0,0.000,0.000,0.000,0.000,0.505,0.430,0.570,0.667,0.060,0.940,0.153,0.750
894,35.760,0.000,0.000,0.000,0.000,0,0,0,0.000,0.000,3,0,0.828,0,0.000,0.000,0.000,0.000,0.456,0.822,0.880,0.275,0.037,0.963,0.124,0.000
896,35.840,0.000,0.000,0.000,0.000,0,0,0,0.000,0.000,4,1,0.793,0,0.000,0.000,0.000,0.000,0.861,0.944,0.984,0.364,0.073,0.927,0.125,0.750
898,35.920,0.000,0.000,0.000,0.000,0,0,0,0.000,0.000,3,1,0.793,0,0.000,0.000,0.000,0.000,0.598,0.147,1.040,2.988,0.067,0.933,0.175,0.750
900,36.000,0.000,0.000,0.000,0.000,0,0,0,0.000,0.000,4,1,0.759,0,0.000,0.000,0.000,0.000,0.993,0.687,1.253,2.960,0.111,0.889,0.147,0.750
902,36.080,0.000,0.000,0.000,0.000,0,0,0,0.000,0.000,3,1,0.724,0,0.000,0.000,0.000,0.000,0.417,0.560,1.253,0.237,0.047,0.953,0.141,0.750
904,36.160,0.000,0.000,0.000,0.000,0,0,0,0.000,0.000,4,1,0.690,0,0.000,0.000,0.000,0.000,0.543,0.676,1.265,2.612,0.054,0.946,0.136,0.750
906,36.240,0.000,0.000,0.000,0.000,0,0,0,0.000,0.000,4,0,0.690,0,0.000,0.000,0.000,0.000,0.894,0.301,1.140,2.367,0.090,0.910,0.171,0.550
908,36.320,0.000,0.000,0.000,0.000,0,0,0,0.000,0.000,4,0,0.724,0,0.000,0.000,0.000,0.000,1.147,0.271,0.999,0.292,0.090,0.910,0.180,0.000
910,36.400,0.000,0.000,0.000,0.000,0,0,0,0.000,0.000,4,0,0.724,0,0.000,0.000,0.000,0.000,0.933,0.818,1.055,0.253,0.060,0.940,0.136,0.000
912,36.480,0.000,0.000,0.000,0.000,0,0,0,0.000,0.000,4,0,0.724,0,0.000,0.000,0.000,0.000,0.996,0.733,1.037,0.292,0.051,0.949,0.144,0.000
914,36.560,0.000,0.000,0.000,0.000,0,0,0,0.000,0.000,4,0,0.724,0,0.000,0.000,0.000,0.000,1.239,0.157,0.890,0.089,0.064,0.936,0.190,0.480
916,36.640,0.000,0.000,0.000,0.000,0,0,0,0.000,0.000,4,0,0.724,0,0.000,0.000,0.000,0.000,2.976,0.904,0.740,0.281,0.101,0.899,0.181,0.000
918,36.720,0.000,0.000,0.000,0.000,0,0,0,0.000,0.000,4,0,0.724,0,0.000,0.000,0.000,0.000,1.275,0.052,0.498,0.046,0.082,0.918,0.198,0.480
920,36.800,0.000,0.000,0.000,0.000,0,0,0,0.000,0.000,3,1,0.690,0,0.000,0.000,0.000,0.000,4.432,0.177,0.405,0.244,0.118,0.882,0.168,0.750
922,36.880,0.000,0.000,0.000,0.000,0,0,0,0.000,0.000,3,0,0.690,0,0.000,0.000,0.000,0.000,3.933,0.064,0.117,0.261,0.242,0.758,0.164,0.000
924,36.960,0.000,0.000,0.000,0.000,0,0,0,0.000,0.000,3,0,0.690,0,0.000,0.000,0.000,0.000,1.987,0.151,0.756,0.307,0.234,0.766,0.109,0.000
926,37.040,0.000,0.000,0.000,0.000,0,0,0,0.000,0.000,3,0,0.690,0,0.000,0.000,0.000,0.000,0.949,0.390,1.032,0.180,0.114,0.886,0.066,0.000
928,37.120,0.000,0.000,0.000,0.000,0,0,0,0.000,0.000,2,1,0.690,0,0.000,0.000,0.000,0.000,0.260,0.528,1.042,2.959,0.045,0.955,0.040,0.750
930,37.200,0.000,0.000,0.000,0.000,0,0,0,0.000,0.000,2,0,0.690,0,0.000,0.000,0.000,0.000,0.003,0.114,1.484,2.930,0.000,1.000,0.062,0.700
932,37.280,0.000,0.000,0.000,0.000,0,0,0,0.000,0.000,2,0,0.690,0,0.000,0.000,0.000,0.000,0.002,0.328,1.377,0.043,0.000,1.000,0.047,0.000
934,37.360,0.000,0.000,0.000,0.000,0,0,0,0.000,0.000,2,0,0.690,0,0.000,0.000,0.000,0.000,0.002,0.444,1.382,0.180,0.000,1.000,0.039,0.000
936,37.440,0.000,0.000,0.000,0.000,0,0,0,0.000,0.000,2,0,0.690,0,0.000,0.000,0.000,0.000,0.001,0.115,1.329,0.034,0.000,1.000,0.062,0.000
938,37.520,0.000,0.000,0.000,0.000,0,0,0,0.000,0.000,2,0,0.724,0,0.000,0.000,0.000,0.000,0.001,0.305,1.182,0.053,0.000,1.000,0.049,0.000
940,37.600,0.000,0.000,0.000,0.000,0,0,0,0.000,0.000,2,0,0.724,0,0.000,0.000,0.000,0.000,0.001,0.114,2.125,0.038,0.000,1.000,0.062,0.700
942,37.680,0.000,0.000,0.000,0.000,0,0,0,0.000,0.000,2,0,0.724,0,0.000,0.000,0.000,0.000,0.001,0.154,2.011,0.267,0.000,1.000,0.059,0.700
944,37.760,0.000,0.000,0.000,0.000,0,0,0,0.000,0.000,2,0,0.724,0,0.000,0.000,0.000,0.000,0.001,0.328,1.580,0.379,0.000,1.000,0.047,0.700
946,37.840,0.000,0.000,0.000,0.000,0,0,0,0.000,0.000,2,0,0.724,0,0.000,0.000,0.000,0.000,0.001,0.114,0.982,0.009,0.000,1.000,0.062,0.000
948,37.920,0.000,0.000,0.000,0.000,0,0,0,0.000,0.000,2,0,0.724,0,0.000,0.000,0.000,0.000,0.001,0.129,0.142,0.697,0.000,1.000,0.061,0.000
950,38.000,0.000,0.000,0.000,0.000,0,0,0,0.000,0.000,2,0,0.759,0,0.000,0.000,0.000,0.000,0.001,0.114,0.377,0.735,0.000,1.000,0.062,0.000
952,38.080,0.000,0.000,0.000,0.000,0,0,0,0.000,0.000,2,0,0.759,0,0.000,0.000,0.000,0.000,0.001,0.114,0.709,0.802,0.000,1.000,0.062,0.000
954,38.160,0.000,0.000,0.000,0.000,0,0,0,0.000,0.000,2,0,0.793,0,0.000,0.000,0.000,0.000,0.001,0.328,1.006,0.930,0.000,1.000,0.047,0.000
956,38.240,0.000,0.000,0.000,0.000,0,0,0,0.000,0.000,2,0,0.828,0,0.000,0.000,0.000,0.000,0.001,0.114,1.221,0.874,0.000,1.000,0.062,0.000
958,38.320,0.000,0.000,0.000,0.000,0,0,0,0.000,0.000,2,0,0.862,0,0.000,0.000,0.000,0.000,0.001,0.114,1.282,0.839,0.000,1.000,0.062,0.000
960,38.400,0.000,0.000,0.000,0.000,0,0,0,0.000,0.000,2,0,0.897,0,0.000,0.000,0.000,0.000,0.001,0.328,1.256,0.102,0.000,1.000,0.047,0.000
962,38.480,0.000,0.000,0.000,0.000,0,0,0,0.000,0.000,2,0,0.931,0,0.000,0.000,0.000,0.000,0.001,0.114,1.151,0.014,0.000,1.000,0.062,0.000
964,38.560,0.000,0.000,0.000,0.000,0,0,0,0.000,0.000,2,0,0.931,0,0.000,0.000,0.000,0.000,0.001,0.114,1.106,0.734,0.000,1.000,0.062,0.000
966,38.640,0.000,0.000,0.000,0.000,0,0,0,0.000,0.000,2,0,0.931,0,0.000,0.000,0.000,0.000,0.001,0.114,1.053,0.000,0.000,1.000,0.062,0.000
968,38.720,0.000,0.000,0.000,0.000,0,0,0,0.000,0.000,2,0,0.931,0,0.000,0.000,0.000,0.000,0.001,0.114,0.978,0.000,0.000,1.000,0.062,0.000
970,38.800,0.000,0.000,0.000,0.000,0,0,0,0.000,0.000,2,0,0.931,0,0.000,0.000,0.000,0.000,0.001,0.114,0.897,0.000,0.000,1.000,0.062,0.000
972,38.880,0.000,0.000,0.000,0.000,0,0,0,0.000,0.000,2,0,0.931,0,0.000,0.000,0.000,0.000,0.001,0.114,0.833,0.000,0.000,1.000,0.062,0.000
974,38.960,0.000,0.000,0.000,0.000,0,0,0,0.000,0.000,2,0,0.931,0,0.000,0.000,0.000,0.000,0.001,0.328,0.771,0.807,0.000,1.000,0.047,0.000
976,39.040,0.000,0.000,0.000,0.000,0,0,0,0.000,0.000,2,0,0.931,0,0.000,0.000,0.000,0.000,0.001,0.120,0.702,0.077,0.000,1.000,0.062,0.000
978,39.120,0.000,0.000,0.000,0.000,0,0,0,0.000,0.000,2,0,0.966,0,0.000,0.000,0.000,0.000,0.001,0.114,0.599,0.263,0.000,1.000,0.062,0.000
980,39.200,0.000,0.000,0.000,0.000,0,0,0,0.000,0.000,2,0,0.966,0,0.000,0.000,0.000,0.000,0.001,0.114,0.535,0.453,0.000,1.000,0.062,0.000
982,39.280,0.000,0.000,0.000,0.000,0,0,0,0.000,0.000,2,0,0.966,0,0.000,0.000,0.000,0.000,0.001,0.114,0.447,0.000,0.000,1.000,0.062,0.000
984,39.360,0.000,0.000,0.000,0.000,0,0,0,0.000,0.000,2,0,0.966,0,0.000,0.000,0.000,0.000,0.001,0.114,0.402,0.000,0.000,1.000,0.062,0.000
986,39.440,0.000,0.000,0.000,0.000,0,0,0,0.000,0.000,2,0,1.000,0,0.000,0.000,0.000,0.000,0.001,0.114,0.336,0.000,0.000,1.000,0.062,0.000
988,39.520,0.000,0.000,0.000,0.000,0,0,0,0.000,0.000,2,0,1.000,0,0.000,0.000,0.000,0.000,0.001,0.114,0.274,0.000,0.000,1.000,0.062,0.000
990,39.600,0.000,0.000,0.000,0.000,0,0,0,0.000,0.000,2,0,1.000,0,0.000,0.000,0.000,0.000,0.001,0.114,0.043,0.827,0.000,1.000,0.062,0.000
992,39.680,0.000,0.000,0.000,0.000,0,0,0,0.000,0.000,2,0,1.000,0,0.000,0.000,0.000,0.000,0.001,0.328,0.032,0.018,0.000,1.000,0.047,0.000
994,39.760,0.000,0.000,0.000,0.000,0,0,0,0.000,0.000,2,0,1.000,0,0.000,0.000,0.000,0.000,0.001,0.120,0.026,0.007,0.000,1.000,0.062,0.000
996,39.840,0.000,0.000,0.000,0.000,0,0,0,0.000,0.000,2,0,1.000,0,0.000,0.000,0.000,0.000,0.001,0.114,0.014,0.864,0.000,1.000,0.062,0.000
998,39.920,0.000,0.000,0.000,0.000,0,0,0,0.000,0.000,2,0,1.000,0,0.000,0.000,0.000,0.000,0.001,0.114,0.012,0.735,0.000,1.000,0.062,0.000
1000,40.000,0.000,0.000,0.000,0.000,0,0,0,0.000,0.000,2,0,1.000,0,0.000,0.000,0.000,0.000,0.001,0.114,0.007,0.735,0.000,1.000,0.062,0.000
1002,40.080,0.000,0.000,0.000,0.000,0,0,0,0.000,0.000,2,0,1.000,0,0.000,0.000,0.000,0.000,0.001,0.114,0.005,0.000,0.000,1.000,0.062,0.000
1004,40.160,0.000,0.000,0.000,0.000,0,0,0,0.000,0.000,2,0,1.000,0,0.000,0.000,0.000,0.000,0.001,0.114,0.001,0.000,0.000,1.000,0.062,0.000
1006,40.240,0.000,0.000,0.000,0.000,0,0,0,0.000,0.000,2,0,1.000,0,0.000,0.000,0.000,0.000,0.001,0.114,0.001,0.751,0.000,1.000,0.062,0.000
1008,40.320,0.000,0.000,0.000,0.000,0,0,0,0.000,0.000,2,0,1.000,0,0.000,0.000,0.000,0.000,0.001,0.120,0.001,0.039,0.000,1.000,0.062,0.000
1010,40.400,0.000,0.000,0.000,0.000,0,0,0,0.000,0.000,2,0,1.000,0,0.000,0.000,0.000,0.000,0.001,0.114,0.003,0.021,0.000,1.000,0.062,0.000
1012,40.480,0.000,0.000,0.000,0.000,0,0,0,0.000,0.000,2,0,1.000,0,0.000,0.000,0.000,0.000,0.001,0.114,0.006,0.722,0.000,1.000,0.062,0.000
1014,40.560,0.000,0.000,0.000,0.000,0,0,0,0.000,0.000,2,0,1.000,0,0.000,0.000,0.000,0.000,0.001,0.114,0.006,0.000,0.000,1.000,0.062,0.000
1016,40.640,0.000,0.000,0.000,0.000,0,0,0,0.000,0.000,2,0,1.000,0,0.000,0.000,0.000,0.000,0.001,0.114,0.006,0.000,0.000,1.000,0.062,0.000
1018,40.720,0.000,0.000,0.000,0.000,0,0,0,0.000,0.000,2,0,1.000,0,0.000,0.000,0.000,0.000,0.001,0.114,0.006,0.000,0.000,1.000,0.062,0.000
1020,40.800,0.000,0.000,0.000,0.000,0,0,0,0.000,0.000,2,0,1.000,0,0.000,0.000,0.000,0.000,0.001,0.114,0.008,0.000,0.000,1.000,0.062,0.000
1022,40.880,0.000,0.000,0.000,0.000,0,0,0,0.000,0.000,2,0,1.000,0,0.000,0.000,0.000,0.000,0.001,0.114,0.007,0.652,0.000,1.000,0.062,0.000
1024,40.960,0.000,0.000,0.000,0.000,0,0,0,0.000,0.000,2,0,1.000,0,0.000,0.000,0.000,0.000,0.300,0.293,0.005,0.537,0.101,0.899,0.057,0.000
1026,41.040,0.000,0.000,0.000,0.000,0,0,0,0.000,0.000,3,1,0.966,0,0.000,0.000,0.000,0.000,16.017,0.055,1.994,0.175,0.621,0.379,0.266,0.800
1028,41.120,0.000,0.000,0.000,0.000,0,0,0,0.000,0.000,3,0,0.966,0,0.000,0.000,0.000,0.000,0.183,0.704,108.767,0.121,0.017,0.983,0.025,0.700
1030,41.200,0.000,0.000,0.000,0.000,0,0,0,0.000,0.000,3,0,0.966,0,0.000,0.000,0.000,0.000,1.101,0.676,109.982,0.052,0.018,0.982,0.050,0.700
1032,41.280,0.000,0.000,0.000,0.000,0,0,0,0.000,0.000,3,0,0.966,0,0.000,0.000,0.000,0.000,1.313,0.402,117.316,0.089,0.024,0.976,0.075,0.700
1034,41.360,0.000,0.000,0.000,0.000,0,0,0,0.000,0.000,3,0,0.966,0,0.000,0.000,0.000,0.000,1.055,0.517,126.067,1.233,0.021,0.979,0.060,0.700
1036,41.440,0.000,0.000,0.000,0.000,0,0,0,0.000,0.000,3,0,0.966,0,0.000,0.000,0.000,0.000,0.767,0.482,133.093,0.107,0.024,0.976,0.055,0.700
1038,41.520,0.000,0.000,0.000,0.000,0,0,0,0.000,0.000,3,0,0.966,0,0.000,0.000,0.000,0.000,1.931,0.511,138.196,1.297,0.052,0.948,0.082,0.700
1040,41.600,0.000,0.000,0.000,0.000,0,0,0,0.000,0.000,5,1,0.931,0,0.000,0.000,0.000,0.000,1.290,0.499,151.058,1.353,0.065,0.935,0.167,0.750
1042,41.680,0.000,0.000,0.000,0.000,0,0,0,0.000,0.000,5,0,0.931,0,0.000,0.000,0.000,0.000,1.660,0.844,159.652,0.979,0.084,0.916,0.152,0.700
1044,41.760,0.000,0.000,0.000,0.000,0,0,0,0.000,0.000,5,0,0.931,0,0.000,0.000,0.000,0.000,1.561,0.706,170.712,1.088,0.099,0.901,0.160,0.700
1046,41.840,0.000,0.000,0.000,0.000,0,0,0,0.000,0.000,5,0,0.931,0,0.000,0.000,0.000,0.000,2.806,0.733,181.111,0.108,0.107,0.893,0.189,0.700
1048,41.920,0.000,0.000,0.000,0.000,0,0,0,0.000,0.000,5,0,0.931,0,0.000,0.000,0.000,0.000,3.687,0.761,199.815,0.074,0.112,0.888,0.209,0.700
1050,42.000,0.000,0.000,0.000,0.000,0,0,0,0.000,0.000,5,0,0.931,0,0.000,0.000,0.000,0.000,4.307,0.314,224.387,0.419,0.130,0.870,0.256,0.700
1052,42.080,0.000,0.000,0.000,0.000,0,0,0,0.000,0.000,5,0,0.931,0,0.000,0.000,0.000,0.000,4.468,0.351,253.101,0.002,0.145,0.855,0.257,0.700
1054,42.160,0.000,0.000,0.000,0.000,0,0,0,0.000,0.000,5,0,0.931,0,0.000,0.000,0.000,0.000,6.074,0.265,282.881,0.971,0.140,0.860,0.303,0.700
1056,42.240,0.000,0.000,0.000,0.000,0,0,0,0.000,0.000,5,0,0.931,0,0.000,0.000,0.000,0.000,7.808,0.338,42.870,0.578,0.156,0.844,0.342,0.700
1058,42.320,0.000,0.000,0.000,0.000,0,0,0,0.000,0.000,5,0,0.931,0,0.000,0.000,0.000,0.000,6.242,0.677,0.396,0.668,0.134,0.866,0.279,0.550
1060,42.400,0.000,0.000,0.000,0.000,0,0,0,0.000,0.000,4,0,0.931,0,0.000,0.000,0.000,0.000,4.846,0.683,0.494,0.135,0.138,0.862,0.243,0.000
1062,42.480,0.000,0.000,0.000,0.000,0,0,0,0.000,0.000,4,0,0.931,0,0.000,0.000,0.000,0.000,2.265,0.700,0.540,0.109,0.109,0.891,0.178,0.000
1064,42.560,0.000,0.000,0.000,0.000,0,0,0,0.000,0.000,4,0,0.931,0,0.000,0.000,0.000,0.000,1.511,0.765,0.536,0.895,0.114,0.886,0.154,0.000
1066,42.640,0.000,0.000,0.000,0.000,0,0,0,0.000,0.000,4,0,0.931,0,0.000,0.000,0.000,0.000,1.425,0.621,0.527,0.702,0.107,0.893,0.162,0.000
1068,42.720,0.000,0.000,0.000,0.000,0,0,0,0.000,0.000,4,0,0.931,0,0.000,0.000,0.000,0.000,1.252,0.592,0.527,0.044,0.076,0.924,0.160,0.000
1070,42.800,0.000,0.000,0.000,0.000,0,0,0,0.000,0.000,4,0,0.931,0,0.000,0.000,0.000,0.000,1.178,0.608,0.485,0.800,0.068,0.932,0.157,0.000
1072,42.880,0.000,0.000,0.000,0.000,0,0,0,0.000,0.000,4,0,0.931,0,0.000,0.000,0.000,0.000,1.495,0.409,0.463,2.314,0.096,0.904,0.179,0.550
1074,42.960,0.000,0.000,0.000,0.000,0,0,0,0.000,0.000,4,0,0.931,0,0.000,0.000,0.000,0.000,0.654,0.328,0.435,0.387,0.065,0.935,0.163,0.000
1076,43.040,0.000,0.000,0.000,0.000,0,0,0,0.000,0.000,4,0,0.931,0,0.000,0.000,0.000,0.000,2.223,0.815,0.395,0.207,0.110,0.890,0.169,0.000
1078,43.120,0.000,0.000,0.000,0.000,0,0,0,0.000,0.000,4,0,0.931,0,0.000,0.000,0.000,0.000,7.185,0.414,0.339,0.778,0.149,0.851,0.321,0.550
1080,43.200,0.000,0.000,0.000,0.000,0,0,0,0.000,0.000,4,0,0.931,0,0.000,0.000,0.000,0.000,5.595,0.230,0.337,0.660,0.198,0.802,0.294,0.000
1082,43.280,0.000,0.000,0.000,0.000,0,0,0,0.000,0.000,4,0,0.931,0,0.000,0.000,0.000,0.000,4.126,0.256,0.286,1.261,0.340,0.660,0.255,0.550
1084,43.360,0.000,0.000,0.000,0.000,0,0,0,0.000,0.000,4,0,0.966,0,0.000,0.000,0.000,0.000,3.299,0.223,0.203,2.149,0.155,0.845,0.237,0.550
1086,43.440,0.000,0.000,0.000,0.000,0,0,0,0.000,0.000,4,0,0.966,0,0.000,0.000,0.000,0.000,1.657,0.069,0.051,0.500,0.122,0.878,0.207,0.000
1088,43.520,0.000,0.000,0.000,0.000,0,0,0,0.000,0.000,4,0,0.966,0,0.000,0.000,0.000,0.000,0.345,0.338,0.157,0.504,0.101,0.899,0.155,0.000
1090,43.600,0.000,0.000,0.000,0.000,0,0,0,0.000,0.000,4,1,0.931,0,0.000,0.000,0.000,0.000,0.185,0.205,0.216,0.059,0.045,0.955,0.160,0.750
1092,43.680,0.000,0.000,0.000,0.000,0,0,0,0.000,0.000,4,0,0.931,0,0.000,0.000,0.000,0.000,1.007,0.185,0.480,1.383,0.105,0.895,0.182,0.550
1094,43.760,0.000,0.000,0.000,0.000,0,0,0,0.000,0.000,4,0,0.931,0,0.000,0.000,0.000,0.000,1.617,0.297,0.561,3.020,0.103,0.897,0.190,0.550
1096,43.840,0.000,0.000,0.000,0.000,0,0,0,0.000,0.000,4,0,0.931,0,0.000,0.000,0.000,0.000,2.188,0.123,0.581,2.541,0.120,0.880,0.216,0.550
1098,43.920,0.000,0.000,0.000,0.000,0,0,0,0.000,0.000,4,0,0.966,0,0.000,0.000,0.000,0.000,3.278,0.261,0.592,0.010,0.133,0.867,0.234,0.000
1100,44.000,0.000,0.000,0.000,0.000,0,0,0,0.000,0.000,6,1,0.931,0,0.000,0.000,0.000,0.000,3.310,0.441,0.492,1.336,0.103,0.897,0.222,0.750
1102,44.080,0.000,0.000,0.000,0.000,0,0,0,0.000,0.000,6,0,0.931,0,0.000,0.000,0.000,0.000,3.338,0.446,0.418,0.231,0.080,0.920,0.222,0.000
1104,44.160,0.000,0.000,0.000,0.000,0,0,0,0.000,0.000,6,0,0.931,0,0.000,0.000,0.000,0.000,2.547,0.454,0.351,0.779,0.086,0.914,0.202,0.000
1106,44.240,0.000,0.000,0.000,0.000,0,0,0,0.000,0.000,6,0,0.931,0,0.000,0.000,0.000,0.000,2.192,0.569,0.253,1.454,0.090,0.910,0.185,0.550
1108,44.320,0.000,0.000,0.000,0.000,0,0,0,0.000,0.000,6,0,0.931,0,0.000,0.000,0.000,0.000,2.398,0.722,0.234,0.698,0.102,0.898,0.179,0.000
1110,44.400,0.000,0.000,0.000,0.000,0,0,0,0.000,0.000,5,0,0.931,0,0.000,0.000,0.000,0.000,2.473,0.735,0.448,0.061,0.089,0.911,0.180,0.000
1112,44.480,0.000,0.000,0.000,0.000,0,0,0,0.000,0.000,5,0,0.931,0,0.000,0.000,0.000,0.000,1.376,0.706,0.560,0.927,0.057,0.943,0.155,0.000
1114,44.560,0.000,0.000,0.000,0.000,0,0,0,0.000,0.000,5,0,0.931,0,0.000,0.000,0.000,0.000,2.679,0.359,0.628,2.694,0.092,0.908,0.212,0.550
1116,44.640,0.000,0.000,0.000,0.000,0,0,0,0.000,0.000,5,0,0.931,0,0.000,0.000,0.000,0.000,1.339,0.811,0.592,2.750,0.062,0.938,0.147,0.550
1118,44.720,0.000,0.000,0.000,0.000,0,0,0,0.000,0.000,5,0,0.931,0,0.000,0.000,0.000,0.000,2.223,0.734,0.484,0.031,0.111,0.889,0.174,0.000
1120,44.800,0.000,0.000,0.000,0.000,0,0,0,0.000,0.000,4,0,0.931,0,0.000,0.000,0.000,0.000,2.142,0.423,0.239,1.811,0.104,0.896,0.194,0.550
1122,44.880,0.000,0.000,0.000,0.000,0,0,0,0.000,0.000,4,0,0.931,0,0.000,0.000,0.000,0.000,2.003,0.249,0.010,1.193,0.124,0.876,0.203,0.000
1124,44.960,0.000,0.000,0.000,0.000,0,0,0,0.000,0.000,4,0,0.931,0,0.000,0.000,0.000,0.000,2.056,0.785,0.068,3.010,0.117,0.883,0.166,0.550
1126,45.040,0.000,0.000,0.000,0.000,0,0,0,0.000,0.000,4,0,0.931,0,0.000,0.000,0.000,0.000,3.892,0.685,0.079,0.007,0.153,0.847,0.219,0.000
1128,45.120,0.000,0.000,0.000,0.000,0,0,0,0.000,0.000,4,0,0.931,0,0.000,0.000,0.000,0.000,2.012,0.316,0.112,0.178,0.160,0.840,0.198,0.480
1130,45.200,0.000,0.000,0.000,0.000,0,0,0,0.000,0.000,4,0,0.931,0,0.000,0.000,0.000,0.000,0.857,0.662,0.002,1.116,0.076,0.924,0.145,0.000
1132,45.280,0.000,0.000,0.000,0.000,0,0,0,0.000,0.000,4,0,0.931,0,0.000,0.000,0.000,0.000,1.513,0.711,0.162,1.866,0.168,0.832,0.158,0.550
1134,45.360,0.000,0.000,0.000,0.000,0,0,0,0.000,0.000,4,0,0.931,0,0.000,0.000,0.000,0.000,1.265,0.377,0.293,2.236,0.171,0.829,0.175,0.550
1136,45.440,0.000,0.000,0.000,0.000,0,0,0,0.000,0.000,4,0,0.931,0,0.000,0.000,0.000,0.000,1.253,0.474,0.422,0.598,0.113,0.887,0.168,0.000
1138,45.520,0.000,0.000,0.000,0.000,0,0,0,0.000,0.000,4,0,0.931,0,0.000,0.000,0.000,0.000,5.557,0.367,0.455,2.249,0.143,0.857,0.283,0.550
1140,45.600,0.000,0.000,0.000,0.000,0,0,0,0.000,0.000,3,1,0.897,0,0.000,0.000,0.000,0.000,5.518,0.370,0.214,2.352,0.336,0.664,0.182,0.750
1142,45.680,0.000,0.000,0.000,0.000,0,0,0,0.000,0.000,3,0,0.897,0,0.000,0.000,0.000,0.000,5.306,0.338,0.104,0.068,0.396,0.604,0.179,0.646
1144,45.760,0.000,0.000,0.000,0.000,0,0,0,0.000,0.000,3,0,0.897,0,0.000,0.000,0.000,0.000,4.570,0.827,0.557,0.090,0.355,0.645,0.126,0.605
1146,45.840,0.000,0.000,0.000,0.000,0,0,0,0.000,0.000,3,0,0.897,0,0.000,0.000,0.000,0.000,3.083,0.316,0.753,0.062,0.228,0.772,0.125,0.480
1148,45.920,0.000,0.000,0.000,0.000,0,0,0,0.000,0.000,3,0,0.931,0,0.000,0.000,0.000,0.000,3.203,0.107,0.885,0.024,0.165,0.835,0.143,0.000
1150,46.000,0.000,0.000,0.000,0.000,0,0,0,0.000,0.000,4,1,0.897,0,0.000,0.000,0.000,0.000,3.324,0.739,0.926,0.185,0.232,0.768,0.201,0.750
1152,46.080,0.000,0.000,0.000,0.000,0,0,0,0.000,0.000,4,0,0.897,0,0.000,0.000,0.000,0.000,3.203,0.398,1.083,0.058,0.176,0.824,0.222,0.000
1154,46.160,0.000,0.000,0.000,0.000,0,0,0,0.000,0.000,4,0,0.897,0,0.000,0.000,0.000,0.000,4.329,0.621,1.249,0.419,0.121,0.879,0.235,0.000
1156,46.240,0.000,0.000,0.000,0.000,0,0,0,0.000,0.000,4,0,0.897,0,0.000,0.000,0.000,0.000,3.945,0.240,1.510,0.168,0.192,0.808,0.252,0.700
1158,46.320,0.000,0.000,0.000,0.000,0,0,0,0.000,0.000,4,0,0.931,0,0.000,0.000,0.000,0.000,3.032,0.203,1.117,0.616,0.124,0.876,0.232,0.000
1160,46.400,0.000,0.000,0.000,0.000,0,0,0,0.000,0.000,4,0,0.931,0,0.000,0.000,0.000,0.000,1.101,0.153,1.386,0.589,0.161,0.839,0.187,0.000
1162,46.480,0.000,0.000,0.000,0.000,0,0,0,0.000,0.000,4,0,0.931,0,0.000,0.000,0.000,0.000,0.919,0.437,1.529,1.244,0.252,0.748,0.162,0.700
1164,46.560,0.000,0.000,0.000,0.000,0,0,0,0.000,0.000,4,0,0.931,0,0.000,0.000,0.000,0.000,1.266,0.830,1.746,2.459,0.286,0.714,0.144,0.700
1166,46.640,0.000,0.000,0.000,0.000,0,0,0,0.000,0.000,4,0,0.931,0,0.000,0.000,0.000,0.000,0.911,0.446,1.817,2.715,0.103,0.897,0.162,0.700
1168,46.720,0.000,0.000,0.000,0.000,0,0,0,0.000,0.000,4,0,0.931,0,0.000,0.000,0.000,0.000,0.792,0.392,1.812,1.679,0.104,0.896,0.162,0.700
1170,46.800,0.000,0.000,0.000,0.000,0,0,0,0.000,0.000,4,0,0.931,0,0.000,0.000,0.000,0.000,1.227,0.420,0.685,0.077,0.220,0.780,0.171,0.000
1172,46.880,0.000,0.000,0.000,0.000,0,0,0,0.000,0.000,4,0,0.931,0,0.000,0.000,0.000,0.000,1.474,0.894,0.212,2.760,0.458,0.542,0.144,0.708
1174,46.960,0.000,0.000,0.000,0.000,0,0,0,0.000,0.000,4,0,0.931,0,0.000,0.000,0.000,0.000,1.305,0.917,0.137,2.968,0.370,0.630,0.138,0.620
1176,47.040,0.000,0.000,0.000,0.000,0,0,0,0.000,0.000,4,0,0.931,0,0.000,0.000,0.000,0.000,1.129,0.759,0.341,2.469,0.194,0.806,0.145,0.550
1178,47.120,0.000,0.000,0.000,0.000,0,0,0,0.000,0.000,4,0,0.931,0,0.000,0.000,0.000,0.000,0.528,0.074,0.504,0.174,0.105,0.895,0.178,0.480
1180,47.200,0.000,0.000,0.000,0.000,0,0,0,0.000,0.000,4,0,0.931,0,0.000,0.000,0.000,0.000,0.422,0.725,0.660,3.004,0.060,0.940,0.130,0.550
1182,47.280,0.000,0.000,0.000,0.000,0,0,0,0.000,0.000,4,0,0.931,0,0.000,0.000,0.000,0.000,0.750,0.576,0.838,2.800,0.090,0.910,0.148,0.550
1184,47.360,0.000,0.000,0.000,0.000,0,0,0,0.000,0.000,4,0,0.931,0,0.000,0.000,0.000,0.000,0.419,0.339,1.008,2.744,0.085,0.915,0.157,0.550
1186,47.440,0.000,0.000,0.000,0.000,0,0,0,0.000,0.000,4,0,0.931,0,0.000,0.000,0.000,0.000,1.748,0.231,1.272,2.151,0.192,0.808,0.198,0.550
1188,47.520,0.000,0.000,0.000,0.000,0,0,0,0.000,0.000,4,0,0.931,0,0.000,0.000,0.000,0.000,3.393,0.360,1.367,0.251,0.203,0.797,0.230,0.000
1190,47.600,0.000,0.000,0.000,0.000,0,0,0,0.000,0.000,3,1,0.897,0,0.000,0.000,0.000,0.000,1.146,0.196,1.427,0.766,0.172,0.828,0.085,0.750
1192,47.680,0.000,0.000,0.000,0.000,0,0,0,0.000,0.000,3,0,0.897,0,0.000,0.000,0.000,0.000,0.929,0.306,1.460,2.910,0.188,0.812,0.072,0.700
1194,47.760,0.000,0.000,0.000,0.000,0,0,0,0.000,0.000,3,0,0.897,0,0.000,0.000,0.000,0.000,0.877,0.709,1.382,0.030,0.171,0.829,0.042,0.000
1196,47.840,0.000,0.000,0.000,0.000,0,0,0,0.000,0.000,3,0,0.897,0,0.000,0.000,0.000,0.000,1.478,0.870,1.399,3.134,0.294,0.706,0.046,0.550
1198,47.920,0.000,0.000,0.000,0.000,0,0,0,0.000,0.000,3,0,0.931,0,0.000,0.000,0.000,0.000,1.265,0.779,1.333,0.160,0.218,0.782,0.047,0.000
1200,48.000,0.000,0.000,0.000,0.000,0,0,0,0.000,0.000,4,1,0.897,0,0.000,0.000,0.000,0.000,2.529,0.956,1.119,2.863,0.464,0.536,0.166,0.750
1202,48.080,0.000,0.000,0.000,0.000,0,0,0,0.000,0.000,4,0,0.897,0,0.000,0.000,0.000,0.000,2.045,0.809,0.944,3.071,0.428,0.572,0.165,0.678
1204,48.160,0.000,0.000,0.000,0.000,0,0,0,0.000,0.000,4,0,0.897,0,0.000,0.000,0.000,0.000,1.787,0.852,0.831,0.794,0.277,0.723,0.155,0.000
1206,48.240,0.000,0.000,0.000,0.000,0,0,0,0.000,0.000,4,0,0.897,0,0.000,0.000,0.000,0.000,4.178,0.993,0.698,2.554,0.393,0.607,0.205,0.643
1208,48.320,0.000,0.000,0.000,0.000,0,0,0,0.000,0.000,4,0,0.931,0,0.000,0.000,0.000,0.000,4.722,0.931,0.421,2.616,0.520,0.480,0.223,0.770
1210,48.400,0.000,0.000,0.000,0.000,0,0,0,0.000,0.000,3,1,0.897,0,0.000,0.000,0.000,0.000,5.289,0.953,0.043,2.576,0.546,0.454,0.136,0.796
1212,48.480,0.000,0.000,0.000,0.000,0,0,0,0.000,0.000,3,0,0.897,0,0.000,0.000,0.000,0.000,3.829,0.950,0.381,2.558,0.506,0.494,0.099,0.756
1214,48.560,0.000,0.000,0.000,0.000,0,0,0,0.000,0.000,3,0,0.897,0,0.000,0.000,0.000,0.000,1.667,0.951,0.711,2.609,0.465,0.535,0.045,0.715
1216,48.640,0.000,0.000,0.000,0.000,0,0,0,0.000,0.000,3,0,0.897,0,0.000,0.000,0.000,0.000,1.021,0.535,1.260,2.817,0.303,0.697,0.058,0.550
1218,48.720,0.000,0.000,0.000,0.000,0,0,0,0.000,0.000,3,0,0.897,0,0.000,0.000,0.000,0.000,1.214,0.826,2.034,2.120,0.373,0.627,0.043,0.700
1220,48.800,0.000,0.000,0.000,0.000,0,0,0,0.000,0.000,3,0,0.897,0,0.000,0.000,0.000,0.000,0.918,0.531,1.576,2.794,0.175,0.825,0.056,0.700
1222,48.880,0.000,0.000,0.000,0.000,0,0,0,0.000,0.000,3,0,0.897,0,0.000,0.000,0.000,0.000,2.002,0.946,1.550,0.430,0.395,0.605,0.054,0.700
1224,48.960,0.000,0.000,0.000,0.000,0,0,0,0.000,0.000,3,0,0.897,0,0.000,0.000,0.000,0.000,2.459,0.804,1.652,0.444,0.482,0.518,0.075,0.732
1226,49.040,0.000,0.000,0.000,0.000,0,0,0,0.000,0.000,3,0,0.897,0,0.000,0.000,0.000,0.000,1.341,0.826,1.832,1.614,0.397,0.603,0.046,0.700
1228,49.120,0.000,0.000,0.000,0.000,0,0,0,0.000,0.000,3,0,0.897,0,0.000,0.000,0.000,0.000,1.651,0.778,1.760,2.225,0.200,0.800,0.057,0.700
1230,49.200,0.000,0.000,0.000,0.000,0,0,0,0.000,0.000,3,0,0.897,0,0.000,0.000,0.000,0.000,1.069,0.851,1.770,1.472,0.392,0.608,0.037,0.700
1232,49.280,0.000,0.000,0.000,0.000,0,0,0,0.000,0.000,3,0,0.897,0,0.000,0.000,0.000,0.000,1.932,0.406,1.362,2.761,0.248,0.752,0.090,0.550
1234,49.360,0.000,0.000,0.000,0.000,0,0,0,0.000,0.000,3,0,0.897,0,0.000,0.000,0.000,0.000,3.128,0.206,1.268,1.150,0.314,0.686,0.134,0.000
1236,49.440,0.000,0.000,0.000,0.000,0,0,0,0.000,0.000,3,0,0.897,0,0.000,0.000,0.000,0.000,3.101,0.139,1.326,1.089,0.184,0.816,0.138,0.000
1238,49.520,0.000,0.000,0.000,0.000,0,0,0,0.000,0.000,3,0,0.897,0,0.000,0.000,0.000,0.000,4.022,0.506,0.744,2.336,0.188,0.812,0.135,0.550
1240,49.600,0.000,0.000,0.000,0.000,0,0,0,0.000,0.000,4,1,0.862,0,0.000,0.000,0.000,0.000,3.561,0.795,0.362,2.475,0.110,0.890,0.203,0.750
1242,49.680,0.000,0.000,0.000,0.000,0,0,0,0.000,0.000,4,0,0.862,0,0.000,0.000,0.000,0.000,2.309,0.597,0.016,0.252,0.163,0.837,0.186,0.000
1244,49.760,0.000,0.000,0.000,0.000,0,0,0,0.000,0.000,4,0,0.862,0,0.000,0.000,0.000,0.000,2.301,0.592,0.191,0.418,0.177,0.823,0.186,0.000
1246,49.840,0.000,0.000,0.000,0.000,0,0,0,0.000,0.000,4,0,0.862,0,0.000,0.000,0.000,0.000,1.452,0.436,0.231,0.708,0.117,0.883,0.176,0.000
1248,49.920,0.000,0.000,0.000,0.000,0,0,0,0.000,0.000,4,0,0.897,0,0.000,0.000,0.000,0.000,1.190,0.254,0.171,1.134,0.097,0.903,0.182,0.000
1250,50.000,0.000,0.000,0.000,0.000,0,0,0,0.000,0.000,5,0,0.897,0,0.000,0.000,0.000,0.000,1.725,0.632,0.071,0.765,0.121,0.879,0.169,0.000
1252,50.080,0.000,0.000,0.000,0.000,0,0,0,0.000,0.000,5,0,0.897,0,0.000,0.000,0.000,0.000,1.767,0.482,0.023,2.123,0.147,0.853,0.180,0.550
1254,50.160,0.000,0.000,0.000,0.000,0,0,0,0.000,0.000,5,0,0.897,0,0.000,0.000,0.000,0.000,1.183,0.264,0.085,2.414,0.135,0.865,0.181,0.550
1256,50.240,0.000,0.000,0.000,0.000,0,0,0,0.000,0.000,5,0,0.897,0,0.000,0.000,0.000,0.000,1.809,0.854,0.229,0.006,0.093,0.907,0.155,0.000
1258,50.320,0.000,0.000,0.000,0.000,0,0,0,0.000,0.000,5,0,0.931,0,0.000,0.000,0.000,0.000,1.551,0.695,0.198,0.270,0.130,0.870,0.160,0.000
1260,50.400,0.000,0.000,0.000,0.000,0,0,0,0.000,0.000,3,1,0.897,0,0.000,0.000,0.000,0.000,2.383,0.384,0.225,1.886,0.130,0.870,0.103,0.750
1262,50.480,0.000,0.000,0.000,0.000,0,0,0,0.000,0.000,3,0,0.897,0,0.000,0.000,0.000,0.000,2.284,0.571,0.085,0.641,0.097,0.903,0.087,0.000
1264,50.560,0.000,0.000,0.000,0.000,0,0,0,0.000,0.000,3,0,0.897,0,0.000,0.000,0.000,0.000,1.839,0.775,0.063,2.814,0.088,0.912,0.062,0.550
1266,50.640,0.000,0.000,0.000,0.000,0,0,0,0.000,0.000,2,1,0.862,0,0.000,0.000,0.000,0.000,0.710,0.739,0.188,1.059,0.101,0.899,0.036,0.750
1268,50.720,0.000,0.000,0.000,0.000,0,0,0,0.000,0.000,2,0,0.897,0,0.000,0.000,0.000,0.000,0.827,0.853,0.263,0.220,0.117,0.883,0.031,0.000
1270,50.800,0.000,0.000,0.000,0.000,0,0,0,0.000,0.000,3,1,0.862,0,0.000,0.000,0.000,0.000,2.040,0.941,0.410,2.315,0.090,0.910,0.055,0.750
1272,50.880,0.000,0.000,0.000,0.000,0,0,0,0.000,0.000,3,0,0.862,0,0.000,0.000,0.000,0.000,2.762,0.879,0.483,0.186,0.109,0.891,0.078,0.000
1274,50.960,0.000,0.000,0.000,0.000,0,0,0,0.000,0.000,3,0,0.862,0,0.000,0.000,0.000,0.000,2.575,0.597,0.392,0.709,0.133,0.867,0.093,0.000
1276,51.040,0.000,0.000,0.000,0.000,0,0,0,0.000,0.000,3,0,0.862,0,0.000,0.000,0.000,0.000,4.444,0.431,0.420,0.731,0.155,0.845,0.151,0.000
1278,51.120,0.000,0.000,0.000,0.000,0,0,0,0.000,0.000,3,0,0.862,0,0.000,0.000,0.000,0.000,4.933,0.177,0.246,0.916,0.202,0.798,0.181,0.000
1280,51.200,0.000,0.000,0.000,0.000,0,0,0,0.000,0.000,4,1,0.828,0,0.000,0.000,0.000,0.000,5.273,0.190,0.029,0.672,0.223,0.777,0.289,0.750
1282,51.280,0.000,0.000,0.000,0.000,0,0,0,0.000,0.000,4,0,0.828,0,0.000,0.000,0.000,0.000,7.610,0.090,0.243,0.265,0.203,0.797,0.354,0.000
1284,51.360,0.000,0.000,0.000,0.000,0,0,0,0.000,0.000,4,0,0.828,0,0.000,0.000,0.000,0.000,2.394,0.494,0.707,0.138,0.100,0.900,0.195,0.550
1286,51.440,0.000,0.000,0.000,0.000,0,0,0,0.000,0.000,4,0,0.828,0,0.000,0.000,0.000,0.000,0.368,0.220,0.866,0.015,0.055,0.945,0.164,0.000
1288,51.520,0.000,0.000,0.000,0.000,0,0,0,0.000,0.000,4,0,0.828,0,0.000,0.000,0.000,0.000,0.163,0.329,0.741,2.842,0.039,0.961,0.151,0.550
1290,51.600,0.000,0.000,0.000,0.000,0,0,0,0.000,0.000,3,1,0.793,0,0.000,0.000,0.000,0.000,0.123,0.435,0.640,2.965,0.035,0.965,0.143,0.750
1292,51.680,0.000,0.000,0.000,0.000,0,0,0,0.000,0.000,3,0,0.793,0,0.000,0.000,0.000,0.000,0.211,0.534,0.392,1.052,0.065,0.935,0.138,0.000
1294,51.760,0.000,0.000,0.000,0.000,0,0,0,0.000,0.000,3,0,0.793,0,0.000,0.000,0.000,0.000,0.236,0.672,0.200,3.068,0.067,0.933,0.129,0.550
